,PC1,PC2,PC3,PC4,PC5,PC6,PC7,PC8,PC9,PC10
CSCO,0.04894899881436391,-0.02612584963659954,0.0026311228116852508,0.12801684797647203,-0.020514297146073363,0.10239740427100216,0.06115443606441791,0.022757834540002,-0.027382415039932835,0.026618002280545682
UAL,0.05472087192792674,-0.021579394786867323,0.034197295954364944,0.015685951930110992,-0.03081921550719157,0.04853460557345883,0.07486769609505432,-0.049363128471846505,0.09464766064281965,-0.002212070698852906
TROW,0.05891225357281149,-0.014596254411275655,0.0031384675147716826,-0.006019702584511899,-0.014491913761636804,-0.025831633167308576,0.022013209741582246,0.018521029185744463,-0.0003756191591455793,-0.023376356327780082
ISRG,0.0447646833056176,-0.022784631718126502,-0.08823306660924543,0.03984348036952204,0.06782175321384198,-0.010525944554774791,-0.033267767975561816,0.04764585328264239,0.028739415375743385,-0.004463269080944424
TPR,0.05082825790433321,-0.01658336928528964,0.03195351462455744,0.07945442566180838,-0.07455627758708927,0.10119217049739561,0.02474229350787259,-0.011012479162189504,0.005745228699430165,-0.009938969829087388
DVN,0.0530944365612971,0.0030325107641792585,0.1616411507807193,-0.05815804328933183,0.10972030064960475,-0.03419072495053943,-0.0190706041602432,0.06013302211306245,-0.00968156697007598,0.027519243618069497
CE,0.053754134983455354,-0.006151861145283885,0.0366668675354595,0.021570606104396428,-0.013542701606852878,0.02277774553929096,-0.04169163149858363,-0.08862996057620035,-0.03477221143398107,0.005206600081509187
MRO,0.05129965718053362,0.012813847580427024,0.16841769883922064,-0.06413041503723378,0.11460306114656843,-0.0479988606403206,-0.00012502345988846253,0.04841243020561101,-0.010795862863469965,-0.004975179874905089
BA,0.0428935300801872,-0.019965934886789705,0.024713554769487944,0.00032869584526878937,0.049599559488292144,-0.0023013502270459174,0.030149904253054027,0.009019128389089082,-0.050683328703567565,0.019719182313909844
VRTX,0.03263137608550784,0.009802458576792414,-0.043623858525945275,0.012738422397859807,0.050696072818198046,-0.013791591370800438,-0.0605685423173456,0.061691624387319594,0.029130483544769492,-0.007879658267717658
GILD,0.029003928944192427,0.045489453761829564,-0.025712014753897155,0.06933183619465004,0.028892311030842666,0.0635761819164995,0.025221878420413124,0.03351820307414881,0.15928649983860577,-0.004135894574454513
TER,0.04528168542899531,-0.09969595617614169,-0.04636041437464549,-0.04806888289251049,0.03527412239369643,0.027206027753161,0.042971304320939846,0.016985551406801136,-0.08163959375001206,0.0012958394918655136
PODD,0.02913274230003056,-0.003465452875602112,-0.018241980708398095,0.03314026554064991,0.020059482826126407,0.037117325517789984,0.003149019895343441,0.0012980441078738782,0.005378104337098937,0.0036610241508945596
MDT,0.04287193518280169,0.043110598351224355,-0.03584070713947793,0.05868873892631262,0.024224147193606715,0.0907851751710288,0.00811232868806111,0.01869451035206629,0.029558963883161482,-0.019705727364286524
V,0.05517267618689851,0.019423757827737354,-0.027611162655447993,0.08130612020132565,0.034746195436833945,-0.032162658474058636,0.06907003669746281,0.00894697201806427,0.04532254023896176,0.0037498483703743563
QRVO,0.03843187773199356,-0.08363692399311777,-0.04482920179404205,-0.05287203381085167,0.01640506370704963,0.0363937293234988,0.052917911037784954,0.03711636950245417,-0.07565016649850465,-0.007618676860682738
A,0.052976897679966786,-0.0028011420432731706,-0.0164973834798657,0.039255202009022,0.004560307735645103,0.013926931819772585,-0.05122138911514529,0.030578285132970007,0.009077394873846317,0.006812378679559861
FOX,0.0474096214385953,0.015447101356043968,0.011076888615132813,0.023626864813877005,-0.05015348790892813,0.08343069489988574,0.01638167681997164,-0.02905488963587577,0.021560440662199976,0.022230797233221744
MO,0.023125628631112616,0.05735676250520351,-0.03999404425110965,0.016013769553919283,0.01791077495587639,0.07119544812664172,0.08498931764430073,0.014497159065862741,-0.05512237184823132,-0.015027319741144518
CTRA,0.04846403435433305,0.0064597913333147225,0.13787068538145886,-0.09713684290536721,0.08227826647648556,-0.026548533887548496,-0.029007865546776368,0.039933527455195295,-0.004228207904902359,0.0013631454591640363
SWKS,0.04512066056543965,-0.08961723295938323,-0.04920222458103938,-0.0469589980810661,0.02310304761490888,0.04355084533848279,0.04201289286370125,0.0412130871390296,-0.0698497397149434,-0.018327781707303092
ENPH,0.04451373241592697,-0.05383083250976873,0.014232208930294594,-0.05836587093153383,0.009217298763284119,0.05283729959170782,-0.025059023581902,-0.06445113539559566,-0.04890081357770579,0.06527636001265791
MCHP,0.05188365895283644,-0.09347527728346752,-0.031050335484152924,-0.03700957571284667,0.0154207839733439,0.046498779860181964,0.0265734122309542,0.029678591926143374,-0.08240067026816464,0.016299345225892714
CDNS,0.04417100812074762,-0.09408478486451805,-0.0715062749144585,-0.030532406565478516,0.051334339495054115,0.003488467515376827,-0.009906798598563981,0.07721838487636284,0.03528105894757831,0.04460174876325257
MSCI,0.03654373283506566,-0.007654916500061062,-0.029210883276916545,-0.010819577317245635,0.025984213267094842,-0.05540356764880841,-0.01909336661016391,0.014418069240915526,-0.044456713383691546,0.0072158243931532695
CHTR,0.03516329274339118,0.0017336037235835301,0.01050116927426955,0.0053631359061777064,0.031162033957532437,0.06226772907199161,0.010306174546954197,-0.014933267420737063,0.019560175083847362,-0.014993006047767987
EIX,0.029518819528529285,0.08446924051543922,-0.03896484526565722,-0.08831811843604719,0.04735630693916512,0.0009742589738087801,0.04052317882557813,-0.09396006232761901,0.04775283522093692,-0.026310127822123504
KDP,0.03104295074845502,0.06344156370900707,-0.01370898497098054,0.010035429879352171,0.04692805040151698,0.0844172996533132,0.0184547414851067,0.05677294326519481,-0.0167073665933836,0.016347486917311818
BBY,0.03517132306914231,-0.019528014514329402,-0.005284406141733485,0.02369944676697523,0.0475852434566225,0.03574537975480544,0.058878895210950376,-0.09387097563096862,0.10327968704209017,-0.1373345095606407
GEN,0.05524605874061233,-0.013764068616148562,-0.03272897458599747,-0.006114800987117348,-0.008510942412883617,-0.014141069219618291,0.017657615388093538,0.030722203021284696,0.023903110486991036,-0.020788042217969725
WBA,0.04178223826414656,0.0038905888087279834,0.03953820333925837,0.00033445989721629063,-0.05774594263412821,0.08312904147292924,0.00353605284450813,0.05303145732998185,0.015762969910182726,-0.030227287327541093
LVS,0.04257271602771771,-0.02490864813885175,0.004200169809277724,0.014016307375840531,0.029679730278026555,0.06377033796185924,0.010508874916344804,0.01923382136138409,0.043173948652280844,-0.07571219362936711
HCA,0.04035202491384124,0.009803105111190305,-0.03862011916943986,0.01766972379375025,0.04280611771554784,-0.05133103302086975,-0.074897795800358,-0.01125495381362312,0.013077351309157681,0.05266248350748792
AJG,0.029302582713113475,0.044769265441614685,-0.022604006431018356,0.05380382016140776,0.011626038681822071,-0.08596701937314692,0.00843037026188553,-0.004877330087693316,-0.041601727801997807,-0.009608522897800405
DTE,0.025347208655602572,0.09215324007826117,-0.0485101258596722,-0.05792751197071299,0.010635043739370385,0.022066811040860546,0.004285167329391778,-0.07010552748380303,-0.013608134673948393,0.01534900410279401
C,0.06729626191767198,-0.011564552844085186,0.0433585017787678,0.0035131762518988206,-0.07472719525607463,-0.036048515471518675,0.10433806755677645,0.062427076569066556,0.013944692298352932,0.01517611637911575
T,0.014879288773377023,0.07742401456056729,-0.012830373922893388,-0.005803235189912693,0.0009569696677284599,-0.01579408336497013,0.0022435550053703235,0.0006954231291720651,0.01651168108280681,0.044363187278960575
CF,0.049533705704780266,-0.0010616885209631724,0.08120340490021187,-0.04957042299732443,0.011859021388520066,0.02267530635898828,-0.012496203284002602,-0.051481604074271964,0.01825526609319364,-0.011493864490421
MGM,0.06073868900400892,-0.030110295875489662,0.0413977627780106,-0.017139759344820003,-0.007899497934998655,0.05237217293333465,0.03995366317860038,0.017380237157169392,-0.014201633994013712,-0.039428446998192736
HUM,0.016452933782387363,0.0403981079945918,-0.010315798516476442,0.03156155436960054,-0.04708201219230249,0.056225102132254,-0.04433815720840498,0.10997860419225028,0.06483914093633844,-0.059472974017564684
CBOE,0.0127463400557087,0.03381219763663779,0.0007332581866956521,0.025395034112306716,0.014969299819682067,-0.010352445358671625,-0.010794253025868734,0.0003004207206060517,0.01293781208513805,0.0184208481851841
CFG,0.06857208092893641,-0.0017790219035809793,0.042266231131032776,0.010897134960522562,-0.1325548435442475,-0.040793261850617824,0.06977588494994555,0.037298550385890916,0.020898450744109814,0.024647108970681397
APH,0.046769663764859706,-0.08071804726588226,-0.034049629437294525,-0.05341331596145971,0.000808012120210471,-0.02298045827083041,-0.048492284839168134,0.04363470244123468,0.06958896013100917,0.15791055941237156
SYY,0.04032059144285046,0.05410813190040224,-0.0008106366303591221,0.019832200851605947,0.010892154173758018,0.03178791901756916,-0.027005146526833324,0.014901574026457389,-0.0015078463790439132,-0.013470812458325378
MSI,0.03596964293625505,0.0010320160384689454,-0.06300792364501694,0.06766297196218467,0.011177660077201121,-0.033521851808628704,-0.003948781410293962,-0.0021390985738715383,-0.026716567421497524,0.04940755456914568
FCX,0.06003462873124357,-0.039878733560157247,0.09451665497634723,-0.032184886283815335,0.02153902440063762,0.03135534168846943,0.02845220117160001,0.0030363137412644688,-0.03551175367621573,0.020104710389406394
ADM,0.043668058148113725,0.05166461219799247,0.08225854287480792,-0.007988722664931293,0.031335980680013455,0.0499894045297557,0.011886372297907134,0.03773420913173639,-0.027755006020823498,-0.032974757776913825
LH,0.027708045633606248,0.026622504061305376,-0.01249667166135412,0.023504493684132592,-0.000801518786340179,0.0063626546357167055,-0.021187597011420756,-0.023457292654516067,0.013672656194623161,-0.016328743637505142
SOLV,0.03290192163152239,0.0028889683485603624,-0.0034817656288427695,0.013393615725638389,0.005121460768138682,0.028393552642676068,-0.06816913332332597,0.02298596920381842,0.024409287769990202,-0.013191966017122986
BLDR,0.06263159537689918,-0.03569977293735516,-0.005936573228480823,-0.00892703070300564,-0.05857805930844738,-0.01600251162596828,-0.06569230747281211,-0.10230060433917262,0.011742632965406414,0.02543998768379562
LNT,0.032224115371627636,0.1078078447457677,-0.044672434415299396,-0.05922312161137586,-0.002093961403347394,0.024724356128200817,0.03273484390951999,-0.06155363708580701,-0.016798598734517042,0.03477905386886618
BAC,0.05916184883035591,0.011766787212213463,0.04498797000288028,0.025897087143203844,-0.10220793230599862,-0.03867093152040097,0.10492848456995783,0.0906324120672814,-0.00498841039793836,0.02760647714906716
PSX,0.05318217568583828,0.001905811195966423,0.13452744899920266,-0.03698165604083536,0.057644507501391454,-0.021713073437609216,-0.02027988570201415,0.02077695002302129,-0.020075235373015306,0.028624113884152234
GPN,0.06460378318526706,0.004517924673248244,0.002513297830618946,0.022787766562283724,-0.011874727311972807,0.008426475329905357,0.024629168971232573,0.030881854565326983,0.026017986346847675,-0.01242463021416697
HUBB,0.05208378145655291,-0.037854782645805336,-0.011053790272657649,0.0019033720074974735,0.001503926178900508,-0.04109799172909635,-0.02477709968534982,-0.09911763916543449,-0.004621922829130004,0.002899352269093485
PPG,0.06608749559491336,0.00405648989665518,0.014296432960521714,0.023815253465568998,-0.006017816207155393,0.00026269309296067094,-0.037454544434963294,-0.038741149715266716,-0.040445616074330254,0.014140529185408642
TECH,0.04618242149371415,-0.010339054175471082,-0.005427916894200485,0.0041394531006941765,0.005748703748842224,0.03304481528291729,-0.07049096977878343,0.026115339619369057,-0.004302127118966248,-0.02878691446886613
IRM,0.047531332600145436,0.016330129055603798,-0.04875288552197904,-0.06396461170695798,-0.0582113770534983,-0.03770643628667224,-0.06027591938857854,0.04603636342725769,0.009723835584019234,-0.043759550435733215
IQV,0.05330463967856078,-0.00724649075486433,-0.010983747287793177,0.013126392867952653,-0.001774035120220848,0.002796463529018465,-0.02228465857331252,0.010548184230254332,0.00350367606033048,-0.020978477123014524
WBD,0.03634245261086569,0.003288083404527446,0.028566344062128397,-0.027894562924503496,-0.03403789968341313,0.09173858209333847,-0.0001336994494867204,-0.01018490413393461,0.08014493161210971,-0.08112728977151368
HAL,0.05732146822931012,-0.006519087425355566,0.15170918878177897,-0.04064963588531754,0.07183612559486427,-0.021805925646970783,-0.012158483450605205,0.043245788102502576,0.0023367993389224163,0.0038820790136982913
STZ,0.030749241554715617,0.03368727331555869,-0.012427003762658987,0.049089225008109284,0.0220897953268777,0.06228863115879445,-0.013717667890001723,-0.035446674170542335,-0.0015919344512898307,0.07475494699541112
BG,0.04074174967242061,0.032609445263324696,0.08800250818889271,-0.01277173269382221,0.035293661987397015,0.04599223505580562,-0.015533615314437017,0.020781541007283744,-0.020409381292182147,-0.024070775597751087
PARA,0.028140423387503406,-0.014772912362960815,0.017137612246606204,-0.02030348874578268,-0.029055741078898186,0.06889206782131098,0.0017281788309957784,-0.0017068448195462819,0.012386761490535771,-0.02993859586272822
ADI,0.05078463644163306,-0.0840705221507518,-0.034535255141838715,-0.024099073202623146,0.028034271360393586,0.05945862079482011,0.06677803883757903,-0.0021683893171883066,-0.11254894359166634,0.005570327698072808
F,0.05584468167741467,-0.011583529942147588,0.04870773492616445,0.01822163342874609,-0.029511518303393307,0.07895081130140227,0.043597616508158056,-0.015322934611119136,-0.06021547138393119,-0.040396999361297224
ADBE,0.021221746469516887,-0.028896940735003908,-0.05934902548589568,0.05255750436318333,0.14239249557235886,-0.021176329049910604,0.034412400762465455,0.08308034925207289,0.021818762881649932,-0.032883277835439186
STLD,0.05673140487309199,-0.03152380689905554,0.056371450819719254,-0.00829714700623942,0.006769070669729433,0.04557322869071706,-0.011426813088458339,0.0007298039357101585,-0.012672449054147536,0.013317255887472486
SMCI,0.016397412799088518,-0.08144242709826438,-0.04216762926685319,-0.04712915869843048,0.006567177856414995,-0.007254059734506735,-0.009737528646286733,0.05046859433164545,-0.012988895373139742,0.03558890055690873
CPRT,0.034382036999881495,-0.034707524919795875,-0.06080991361428356,0.07793635737383349,0.05937978196290229,-0.024831102513387326,-0.08204786938517368,0.027832751144774286,-0.06564076242590529,-0.06988790133996849
ULTA,0.03804774761501367,-0.015550537897766998,0.051667000802465765,0.1022259389215994,-0.027440488652785488,0.1207628382523634,0.006070822162862791,-0.04831389249915763,-0.02095191930068319,0.03126529077007449
ARE,0.05129489265576562,0.01572029959856481,-0.02600574924337433,-0.08694045947503241,-0.06773704747505525,-0.00030117570604099215,-0.05014229588067413,0.028280877914296957,-0.03906158375807342,-0.08272730957158016
SYK,0.04526153623222251,0.026142759809835207,-0.048556192785224626,0.058648301491461954,0.0468567057549202,-0.0040458715949066755,-0.013746235125316236,0.021205620431440392,0.027648789201120596,-0.004486002495251918
KVUE,0.03736751079896798,0.037620826494081085,-0.0009744948826233738,0.005490498499885456,0.015573116861817053,0.07570726050648718,0.03343265889549466,-0.007779220578819273,-0.038046070689115356,0.004991159893319147
CB,0.046321744239071226,0.06461486808512927,0.007042491959798291,0.10097776084049807,-0.01690381424273892,-0.08488497982567306,0.04455732637447462,-0.018697211262783786,-0.04276729331758124,0.010412541339407552
TSN,0.03165852375615861,0.07174020106545391,0.006268869360985697,0.008584136085451246,-0.012668809251624637,0.04083234000329892,-0.01989863593530758,0.028320608166755905,-0.08046658989892021,0.08656832160878981
GNRC,0.05583487183320982,-0.039200462303320104,-0.006912329448786593,-0.013974200910416956,0.007025733094920243,0.010804878345779952,-0.060919741312736905,-0.060134643070917725,-0.026954684786839593,-0.021414824507835165
PEP,0.02638125330165979,0.09010081880618105,-0.03156577653685218,0.021669647673466682,0.0816245603522874,0.08029434206729863,0.03484816544469883,0.08556553674841752,-0.058091251160712565,-0.0031095624631269194
PEG,0.036731910623469866,0.08441970008793992,-0.04362405296154817,-0.0734089196758007,0.04443784956373297,0.026133396293486908,0.027033346241290175,-0.05446594333036771,0.01784684959402172,0.03810888633963116
NOW,0.0353225182342783,-0.046995722049231484,-0.07494154654728895,-0.003823631344073999,0.06866957280853847,-0.053115411859747046,0.028836855767748505,0.0378843731530056,0.0880940273668425,-0.02347767515028288
LLY,0.02197347685700712,-0.015826142173144403,-0.06170848480892831,0.01596332202462876,0.03587259996520271,-0.07496683138879855,-0.004209933996940733,0.02986540600276456,0.06246653840916693,0.05781267420823588
COST,0.04617513546204775,-0.02707930321580092,-0.06699876851523484,0.05329811380891326,0.0645049604538269,0.021713713542242375,0.0330083854182337,0.01017977077575001,-0.025084314119960406,0.038114472428262526
REG,0.046661506446183734,0.044782014501680685,-0.03122218497258818,-0.08613935097339376,-0.054306301609432873,0.009698410020357335,-0.05366394638525003,0.027322405355255493,-0.044942555294361884,-0.0783454368938721
NWS,0.052384292193793945,-0.025420995802351215,-0.023932388867503953,-0.04092685906600114,0.0201504748521369,0.03408728508014274,-0.002401890745246137,-0.022217343294489156,-0.018605453436765174,-0.04132283248111826
LOW,0.05127628336692959,0.007695848612219538,0.01736352141597456,0.04205449460115148,-0.02003862686654737,0.014531141421973804,-0.06972460277470503,-0.06392076303606938,0.03558486240986408,-0.018408833812181065
MDLZ,0.02574136645303108,0.08538108909606092,-0.015909646547331433,0.01199465403923724,0.0651673484235453,0.05504213320110266,0.0895708196188608,0.0037514119970522486,-0.15022063942578437,-0.08385091818679562
FMC,0.0516979114028011,-0.010562882165203397,0.05838993964605367,-0.030157911632204715,-0.0030933743925923443,0.057256239189647194,-0.00976839443173035,-0.03676137665847001,-0.05429492239027008,-0.01092189612700001
XEL,0.028330121515996624,0.09655236103191746,-0.03719468668729416,-0.04305392966149478,0.05439447984879836,0.019012636059348578,0.07843404059986091,-0.04490074034611064,0.025187475821978673,-0.0020817474416386316
MET,0.0696466631866709,0.024640512862312773,0.028687056284890104,0.03887973978468162,-0.06309406132739237,-0.08127815778685937,0.09368293792470828,0.004698149192576253,-0.005824328040046898,0.01614520352144279
FTV,0.06594537963877484,-0.0008330783331447911,0.016952007142089227,0.0010333761871173799,-0.02233964769613136,0.0006487591424739903,0.011511255950403164,-0.06235027044206297,0.023492200255578147,0.06447461733870329
DLR,0.04412559243947986,0.011516926154779797,-0.07154807228452116,-0.07585921931445708,-0.03198581112502776,-0.007689015233050082,-0.054083888416923805,0.08119800499164365,-0.051124561064187016,-0.042212234337170196
ACGL,0.03963327735178331,0.043053958029918335,-0.00417870475695834,0.08611133306829877,-0.0180097926480899,-0.08760117132583882,0.02465077326239848,-0.04223472431310011,-0.05945008784567069,0.038931760690605104
FAST,0.062584983671709,-0.00929638999045787,-0.03229640652660373,0.034770359483663665,0.029750212467785326,-0.034744842933935184,-0.074033019410797,-0.03345228890946606,-0.004143753381601677,-0.029293447239519346
TJX,0.041641686611048306,0.011697989688878422,0.0028513042758198707,0.07225492952897189,0.025913293172493777,0.12125171221719443,-0.0059255584894696515,-0.08017708326509759,-0.0010316484288629161,0.06817948113787499
MPC,0.04810522275629417,-0.000920690945229306,0.11142647033803905,-0.05031239938951883,0.0633635349580039,-0.0657274658106601,-0.04392060924501774,0.05259938556914834,-0.010789730012842216,0.005040602065008446
BR,0.037073584721335096,0.011902619837093868,-0.028499951249974433,-0.008959810182951299,0.03197651620735947,-0.010631896209213227,-0.03932567612960925,-0.033731267432431114,-0.002112253153735234,-0.008517934160367816
D,0.02427691794636511,0.11519082149835581,-0.02815666463617112,-0.08044985100400165,0.02881159505955234,0.009689912922108574,0.04623602174168929,-0.031244148857177356,-0.02327268804244734,0.04932817731505942
MRK,0.009164086237372164,0.04056827285035447,-0.00491642170738572,-0.029137023424501973,0.00915415968524959,0.09042570627621523,-0.005028823672183196,0.01564082754823227,0.06163199069844335,0.017002897529491395
STX,0.03615221335532472,-0.07239211936388486,-0.06810897416020498,-0.0242051095992447,-0.007656891234114069,0.013672126161908877,0.030164206173658652,0.03508156882664243,-0.05875143695375346,0.04276065039133666
NOC,0.02489192924217714,0.05985882529298339,0.006433647650579128,0.0203682192492063,0.022364348311202466,-0.0751968554860314,-0.04359853308634272,-0.010554259123990052,-0.005743637046898764,0.008611217674076993
BXP,0.05870244983658604,-0.0009250629748556051,-0.01584325324310943,-0.06333471519345782,-0.08892956253842099,0.022454794378165947,-0.028137657956696656,0.024952135399696734,0.006264117584750067,-0.05276791669095244
KHC,0.027802762811894546,0.07609437703587121,0.027701863557684534,-0.020459232199710783,0.04447562100040547,0.09339322044029755,0.014304598235038593,0.061895905109930364,-0.06516862170250824,0.02827615019244782
IPG,0.04293478047575749,-0.006125462517394368,0.013842063158153298,-0.005080291875652249,-0.0010418917414648202,0.014489709402708438,-0.014327020641423575,0.015964895116213813,-0.09245520605522238,-0.0024657614932459266
ABNB,0.05297103452122125,-0.06104203695024562,-0.01531379639046161,-0.0295064441260454,0.044364547378955274,0.01552308237897561,0.03572513897317145,0.03429016631697077,0.03604904028460626,-0.027673636715940614
UNP,0.06018496716260685,0.030443477447531148,0.0029107560432867926,0.0466626210945907,-0.0040110759549576444,-0.01934344031452818,0.01550188822191825,-0.02825839775818793,-0.012241864573549161,-0.030993375893940384
ALLE,0.057617083404985885,-0.01924609030043676,0.0014946376027071488,-0.004978275924917717,-0.01671410963899679,-0.017598238475256052,-0.06070920051973591,-0.09002135110612919,0.004087620173879287,-0.020588941795517526
ABBV,0.034785403456202145,0.06533113913717935,-0.03345796833456709,0.06414407893690445,0.036831578738587986,-0.027085724939402957,-0.008671400545417152,0.09802763972315356,0.016226578785835073,0.02245410688271053
ORCL,0.024447835822618336,-0.019340663029488846,-0.04080463739264634,-0.07184661000428262,-0.02658842939260292,-0.040917564915798975,-0.004387994845120692,-0.029531564301516225,0.07247164283024715,0.04420552936374538
ECL,0.050549596078210336,0.007649057966212942,-0.04062775151142693,0.03741450000403941,0.05005310152316488,-0.04946877115409347,-0.04350101840143453,-0.03314251158889394,-0.02416846845414926,-0.01791225012465223
ETR,0.027143033112030108,0.10443773130704832,-0.0013013923009366527,-0.09298903700464564,0.010874567706106356,0.03160132251559864,0.04198396869835761,-0.05645745620045665,0.0352549884528485,0.018352408115256895
EBAY,0.03991481880799297,-0.0078679216296845,-0.010624561361090155,0.015540210492681386,0.0010064751067629058,0.03407309740034775,0.047435961126527496,0.015733744384692817,0.007480071430533684,0.013276996501118186
SBUX,0.018405476472009217,-0.009748249468590878,-0.09697402167947142,-0.005645951416450442,-0.04180289389754407,0.006043592659485661,0.07387566709056553,-0.04311233762906227,-0.03776770100834796,0.027896042492455603
IR,0.0677139437435443,-0.04051739606230488,-0.011711442640589651,0.007482687972883961,-0.010729610167567424,-0.06367628056204046,-0.03960617703912333,-0.07202779428675089,-0.010571931860906329,0.03273562277028047
AMT,0.013133412968342827,0.07667240854617814,-0.059094535861640735,-0.11303065525592823,-0.03434792144313661,-0.05385405990334755,-0.06274177173489064,0.08495288450698354,-0.023623884697292073,-0.07927749606823445
INTU,0.03958847782168543,-0.04169756774030591,-0.0759731778413126,0.005161774847044663,0.03501821562105987,-0.005732579789530155,0.011101536489108058,0.037454258040089304,0.0636340676030149,-0.0005030629703018867
DPZ,0.035411746760017716,-0.005236636214076536,-0.02502093142676042,0.006389895828663898,-0.0018466027691209802,0.009500127267996827,-0.022405299852252234,0.0047793127243385665,0.017229999603617194,0.008031521089606008
PAYC,0.044194120511074936,-0.01976121658109614,0.005198608937541823,0.006850956211827091,0.01416880938081115,0.020193106239898694,-0.03925957068245097,-0.00147653258959439,0.030944457275648207,-0.028901768740338188
PG,0.02392887561627368,0.09716434630519398,-0.0628398860044302,0.05535630780078319,0.05623211464304531,0.06739502028406398,0.00467735470735934,0.055955597030985516,0.027660369479869808,0.026908334315453017
CAT,0.07468977612708269,-0.029904434881999183,0.017718910547677366,0.0024713057342264375,-0.00919903793520807,-0.04371414777665327,-0.034429644281463646,-0.03343617188604058,-0.009352119420474614,0.027465919369886016
ODFL,0.05011687889640032,-0.03375989189077104,-0.009050289734796107,0.05418632511977888,0.04190311309191422,-0.002931705535069737,-0.039914282195440944,-0.019046859069242233,-0.08607215070126978,-0.1205893968257358
MCD,0.043015528848410464,0.05080496928315241,-0.014403827161857338,0.005116567734506885,0.038406146066929825,0.055058986929557276,0.005303243283006901,-0.004291472219889118,-0.017375455309930243,0.0038077409750522503
MNST,0.03686401895647171,0.02649122395589123,-0.03849762421016318,0.04852530506793742,0.057245854411850525,0.06612316329149796,0.031759812603127505,0.01778522066558026,-0.03215390042344754,-0.007246539295687443
AMZN,0.04309646908626587,-0.0783911652822618,-0.06372066190338253,-0.02907212235126104,0.028218645160723078,0.03913998792787346,0.08761378434438641,0.02836754179425581,0.03713062050351624,0.0843456889708997
GEHC,0.04783532639723815,-0.010300311188072186,-0.04597191400567051,0.0085756418295244,0.04431421004519575,0.050686524530446926,-0.023120598148983134,0.01322138382118528,0.03673647469247578,0.0036405646956074343
INTC,0.04553968547127027,-0.06968434464389925,-0.02637700256312853,-0.02653088018943242,0.000466478677485824,0.04221999889841632,0.06604734109029088,0.0058313007039470875,-0.05645449935370951,0.007876906467576234
PNR,0.06472039563343814,-0.02702201461760011,0.010731476080168426,-0.01512370160410423,-0.04380391843395887,0.0014847530050418798,-0.04951042403917035,-0.10024408551919585,0.018840587545007448,0.006624881087658309
GLW,0.0561571848063229,-0.0400887555389977,-0.011121586889822377,-0.02864436134931168,0.025847876285718836,0.02987003852170294,0.025843836321958812,0.019151573017432224,-0.03377190456661217,-0.008145814718271038
BDX,0.035117986476714214,0.052615799648166595,-0.027901958960300788,0.0378641882028927,0.026242650075907575,0.007741128005120198,-0.07014173550733807,0.06012537565473954,0.047450211759214676,-0.02186636531827446
KMI,0.05187604644428326,0.03333592383809112,0.08136639518813216,-0.05632390766514831,0.0516189622921745,-0.034553416102368326,-0.02544415438359411,0.017463310918803657,0.022933533373485582,0.05543646986044294
CSGP,0.05448097731064391,-0.0051551347601872756,-0.020026131044763678,-0.038745422516181356,0.022723167574018592,0.0151498056299233,-0.03493918752550413,0.041088824527935795,0.03261428579952138,-0.06916800074160277
PWR,0.05498688913986106,-0.05270031030117163,-0.012493998898799163,-0.004502367582878508,-0.005219126899090036,-0.03350112017654424,-0.03667014546328963,-0.061786176014661506,-0.012699236877966157,0.06866589237741326
APTV,0.05977075643918175,-0.02641280278515614,0.03737371419249266,0.005567639976826542,-0.044710528645997206,0.07157227393557351,0.009816494186744143,-0.03228224419927935,0.005433371928036512,-0.03718006528616446
BBWI,0.0472331767173138,-0.018741750901511,0.04265230012426667,0.026126287736282023,-0.05884793737112734,0.11589599117758212,-0.009213221476396211,-0.019861006983672682,-0.00898561634684122,0.020038808892084006
DXCM,0.030157445984923096,-0.013432751077737951,-0.01359430023756577,0.01666798648268402,0.034650160608695475,0.04476509551315511,-0.04036143268287143,0.06265881078029685,0.08913368842890976,0.01814817107773761
EXR,0.03916547098467499,0.026052983178068177,-0.04948354337945857,-0.08944389383107997,-0.09631042406871664,0.004020638069357286,-0.053784875840528996,0.04060544337791588,-0.0192560465482203,-0.08529404204321962
WELL,0.037197643372694336,0.05538563948086549,-0.07396292032455498,-0.06633497233500274,-0.06972865164332799,-0.009741023057446278,-0.03619390346442082,0.0033380920724769662,-0.05280233711397336,-0.015024793224020812
HOLX,0.041403011626867395,0.05686135490339197,-0.045952809166475955,0.047413599666320354,0.03688661203276508,-0.008601260051707952,-0.031237817000182192,0.04248305608374748,0.027754828345891287,-0.05833553184939422
EXPD,0.050024009091706935,-0.003570544942769273,0.004658352714660762,0.019536125899274802,0.02534942794622895,0.0037636257345490115,-0.06846436409571338,-0.03810704436472043,-0.029970508110902787,-0.023453938217376274
GM,0.05807900842124212,-0.01563729687644809,0.0563784591519874,0.04507665051218469,-0.017444303340211267,0.046372244771467064,0.04823961055591003,-0.05441828447723789,-0.033886770972272724,-0.03153007628629921
TXN,0.05525718413851603,-0.08190990848307825,-0.044333261897306346,-0.016436111162710654,0.03600281914954419,0.0469022844847581,0.05955789862386025,0.017953083104139973,-0.07713679339324311,0.012498982642525962
VRSK,0.03365132058304625,0.014903395499512462,-0.05830440631680558,0.031021817966364648,0.026441954618891626,-0.02807608015656198,-0.053417107603490596,0.0005327504807497751,-0.03043378012207795,0.010732568573824569
FI,0.05558270132687485,0.03186189254425766,-0.027481768411711294,0.028853741347174295,0.00027369892209405325,-0.08189634624881026,0.05346165187736769,0.03192281539416489,0.10356391640072199,-0.012091513717797429
SJM,0.018384207418691345,0.05532510916979111,0.037081306496438066,-0.0016661696469645504,0.019560715114032512,0.06383161346812083,0.0029711164511383465,0.03145687331872283,-0.07136886793094452,0.01927610391548928
TMO,0.047446671428851,0.018751632257187286,-0.04000362557803859,0.02671705936695836,0.024664242471784285,-0.00452226091241606,-0.061867180393257455,0.0445947361997994,0.054862510798800605,0.0054183137396480886
OXY,0.04816516499647459,0.008112325949588557,0.166612397013354,-0.055062263024028266,0.09349654803480967,-0.02723346090498938,-0.03226547413262248,0.08218450952391149,0.009203351364063202,0.02150858480712284
RL,0.052138970140600795,-0.02665795796482773,0.012262957549430685,0.024455193992970126,-0.021615715112974717,0.0785481379012918,-0.009396616638096515,-0.036915416354778824,-0.02921203202295598,-0.0035380917683483564
CCI,0.02584271917894792,0.08131053755512561,-0.053173643583571975,-0.08077293713033144,-0.03534496234617506,-0.0049829643590306606,-0.08132527018956229,0.10420878206559829,-0.05097597084324814,-0.0450187555580971
MMM,0.05985896136780851,0.015221196882725122,-0.0008619206818726551,0.0016276903708974677,0.018414760375153095,-0.01549924661182187,0.0003714619596894851,-0.024109163465556513,0.02064942382245879,-0.002833350421551864
MOS,0.049945329407332664,-0.016737895645256646,0.0565890356602728,-0.02924730811094087,-0.006865238764886002,0.08028462656097672,0.030491187054879538,-0.03944014493693685,-0.05851346104527273,-0.06471718842433476
FTNT,0.03173679684465634,-0.031508818933722184,-0.052702745395838135,0.007214264926163855,0.04641894967839018,0.0019386132695016964,0.0005269953441448768,0.07348337993797553,0.06778590577006981,-0.020428402156382027
HSY,0.028140201516955888,0.06407199155999138,-0.0011308810338931503,0.017460095850420222,0.03337868910062641,0.07480481665229012,-0.03187297665985883,0.04329752351372002,-0.07157584222302737,0.011376181057686084
JNPR,0.02303152879893074,-0.010861530677903741,-0.009461454511067016,0.0011887895954433788,0.014681006890047168,-0.02772090693097923,0.039931705045528454,0.00273720768137558,-0.05195368324139326,0.010304283594290456
DHI,0.05958744725681565,-0.01959373228853842,-0.012317986671196041,-0.013055178825681664,-0.08457741161168388,-0.0013691693273913555,-0.09601164053471888,-0.09893774442517272,0.03432866204511747,0.03810261802817572
ED,0.012674673723505002,0.12103341659400478,-0.04293199820843576,-0.07980819366232982,0.014939447096423182,0.014958753300029524,0.022411452082187356,-0.07614542893314172,0.006283124541747414,0.05104628325757294
ES,0.022850243107358583,0.11057776742893449,-0.044639979988243476,-0.09671839354690283,0.0119266919342752,0.006212175460482991,0.03090611749183504,-0.02608193870178407,0.013600295632030876,0.07725483679847932
ADSK,0.04537965330185955,-0.036122438611639524,-0.0829877300725798,-0.00013003361709721604,0.019828850810152624,-0.008942373199651469,0.0159887949400604,0.02177456015130574,0.06564134907488772,-0.029064371251816344
GL,0.045747675354314045,0.009181457817003212,0.03799307615623581,0.03154591321308079,-0.016867959624811663,-0.021629057359871664,0.03831406879857392,-0.023130853398654325,-0.007509779887455777,-0.020211907662918985
INVH,0.03979704212840755,0.04033474383235045,-0.06262541529147893,-0.0939334877806575,-0.08817161703067125,0.025895632525988775,-0.045338445465623115,0.09214062194586461,-0.015706294491478555,-0.06072843649674201
IP,0.04964037774927914,-0.000310466124706203,0.04492441165216883,-0.0264669592678248,-0.033408701264839975,0.00015650269962216108,-0.020646720984104194,0.02921877417780975,-0.028749714730861436,0.02196128044015823
EXPE,0.050409258044576966,-0.03284127190507163,-0.005001987479510739,-0.013293525175220621,0.00888935121095418,-5.7989848857219965e-05,-0.008957081281180732,0.003060801249990321,0.05665680467482568,-0.023593293899659414
KO,0.030969840444379084,0.0879607977060476,-0.041789664091140676,0.062438116801657256,0.07418652203386282,0.06282918484352143,0.013626554942606294,0.0591703733013145,-0.013726496165060794,0.051137840360558115
PCAR,0.06253082641812872,-0.013496726280215228,-0.004954484485569266,0.0019199036298898063,0.035431163388955085,-0.025267405588297192,-0.06635081083690443,0.0042594830267308524,-0.017445406815366517,-0.030681592215233373
RVTY,0.05316146532832527,-0.014863350326915731,-0.020236979769340146,0.013506532064198789,-0.0006624151225948211,0.021971147693821965,-0.08921876017463137,0.024290395609783216,0.01687444185861342,0.016937971928997198
WDC,0.039438159828222616,-0.09915909887819162,-0.057590968363272516,-0.060611269945445974,0.01180336171821537,-0.0047617161359618035,0.02762413186621764,0.037432970934377134,-0.030951213267408576,0.05590543491072815
PYPL,0.05080410451842519,-0.02692959605999868,-0.0027851890882584084,0.005389922389212416,0.03354277376373322,0.017278463696225235,0.07871498481256778,-0.017447236543332016,0.07726492632770497,-0.002988278110309318
NEE,0.027700929263146476,0.08141309441697951,-0.03457282705937205,-0.08752988996299968,0.048046961623923225,0.007507658056518065,0.036453243138362526,-0.079825417542902,-0.02886722810517604,0.08533588981076394
UPS,0.053149677722320654,0.02281178092991509,0.018763400292403774,0.029424301546658732,0.021336430041834078,0.025006440243709162,0.013678681154195887,-0.01722564566598237,-0.013163143131243974,-0.023299841505068863
ELV,0.03137798407992187,0.02217284018437818,-0.019365181654562965,0.053189078895034894,0.003880130821156437,-0.002122435172108747,-0.10654538686802714,0.08471124097605252,0.08328248350357462,0.11681354537493085
EMR,0.067686355716029,-0.024137370015783918,-0.013563791866492992,0.005289994819574312,0.01836238468091962,0.005070789570292793,-0.025229460177309822,-0.052312407015516676,0.021025963014212837,-0.010374235171694958
MSFT,0.04255231483254764,-0.0769005345812841,-0.10141194275309527,-0.03901322556390945,0.05811851564345662,-0.02404127805607253,0.07493076033412283,0.04463780315112544,0.05867238269263331,0.06093588576290966
UDR,0.04596103891895535,0.038117822439973116,-0.0579143299006512,-0.09549520520327116,-0.09675421440412567,0.007215740360558244,-0.1102227512515964,0.07475620482278104,0.03532405319546776,0.014541664993603973
CTLT,0.022189962165912763,-0.0001760964676922427,-0.006228846522329848,-0.004142140918780334,0.04987146243718973,-0.011323229397545341,-0.008909007468837202,-0.012679477294773337,0.038345028282320406,-0.09314958443942736
WEC,0.018082178019720892,0.12398585605384821,-0.0462746169836864,-0.07515513430217831,0.01703750240948231,0.022801197235478517,0.04354202400167676,-0.08114930554106801,-0.0004627423983287205,0.04727548227211168
UBER,0.044074302593353376,-0.05676447097907934,-0.02401248677490548,-0.026086968059779402,-0.05220873694300719,0.0025391438628055226,0.03999195263577409,-0.021208823972554053,0.044644411949607006,-0.0067118723850999925
AME,0.054939586941375886,-0.02079518136629764,-0.00997396961335169,0.03484718414180457,-0.013180807895823198,-0.04828871324379076,-0.023293551259501197,-0.08283204067430594,-0.02071983408148052,0.049845750685269925
DD,0.07033347834459429,0.001763132311473757,0.040390865532212286,0.012630267121348569,-0.015024297018668975,-0.00023024098365700886,-0.027219826549066344,-0.036184453834365096,-0.01782176115982115,0.03654646356725438
ACN,0.048262286882105265,0.005156046613898584,-0.06127851901269574,0.025637037877228055,0.01101437603900196,0.0013572173156734303,0.02200751204741451,0.03752530146751387,0.07214603394434074,0.011879169675435746
VRSN,0.03527371225043071,0.017107954143487147,-0.010878895839725199,0.02252514489711246,0.05611288472598606,0.01590217090046478,-0.019115245309535848,0.000726833860892829,0.008660300850211525,0.004693546346098765
EW,0.03790705096192453,-0.005583407076041953,-0.0394842118841971,0.02714385388916427,0.0345538728380393,0.02024999373677786,-0.023318162779675706,0.03830488918641658,0.02409103475163308,-0.02099766356926791
CMG,0.02114556499056298,-0.020272530722555138,0.0457351521506287,0.00626459211327869,0.0998150434010375,-0.023920737193636115,-0.05431402617592472,0.04331916739540306,0.07823093415698788,-0.00018958613379607334
AWK,0.032278723003687115,0.07899327377243848,-0.03036965209540502,-0.047323260408881,0.018271443827303897,0.021656903783621635,-0.023313747188188433,-0.03961347407132544,0.01172530005365068,-0.012041006427855567
COO,0.03448580592893603,0.0004265377805612446,-0.019923726270986382,0.001220440091021563,0.08317725723245009,0.009134277027187413,0.021269749258234515,-0.05024879238155892,0.14352253646619031,-0.18115171702489405
SHW,0.06578189152659486,-0.0029831937498688062,-0.02610630537914745,0.01802825776845775,-0.022265105022502042,-0.02242340306234224,-0.038575318587140604,-0.06384787884791346,0.004023334454968019,0.002647962088302612
HPQ,0.04406524627638185,-0.04324953681075242,-0.026908738176121987,0.01519533243609567,-0.003272918923972704,0.009315474213733022,0.04691969669470618,0.010024704949476656,-0.09388072810714508,0.014823807198352116
AMAT,0.04161449356242395,-0.11709531221137336,-0.05423873626363816,-0.04857548351073395,0.036281741079062006,0.012283075941196884,0.01595381694747602,0.05232806069134036,-0.07502997003474601,0.060559241642994484
CCL,0.05323893105288975,-0.03779087156906186,0.020902200008174287,-0.014495282658605694,-0.046559466218348354,0.026526384277400634,0.005056825829966351,-0.006990276007631531,0.09792531855580636,0.06781685378917893
MLM,0.0489420547601237,-0.020068063768549593,-0.007110984994656819,-0.015650978973024563,0.01171979612614326,-0.002950092066183665,-0.054494433834386666,-0.06227036289600774,-0.004870771984620934,-0.030735538341498513
EVRG,0.026592037966581487,0.10802807903176749,-0.024548489505471806,-0.06580596488641495,-0.0004357639501017544,0.0346246727705884,0.05418875593858415,-0.06039721513759152,-0.015495947907300866,0.051991488543470694
EA,0.044809622217889096,-0.019647682318874572,-0.028300663328509935,0.011694498058845364,0.07258746710147716,0.027264099023188902,0.044950590302678874,0.005357733084276874,0.038182581333868676,0.0002576677680258834
DE,0.05940409027685247,-0.0038938825709829263,0.01747635260516562,0.05767540911129399,-0.01249313419939759,0.010109853704562053,-0.010988536696601338,-0.04332275194526517,-0.015875990348553824,-0.0040870097652413685
VLTO,0.055709812758444666,-0.015474135066933974,-0.028425332805910315,0.0014554741944346012,0.02661826306489075,-0.01723180214615018,-0.0016730943962669313,-0.01647116842086482,-0.029464653288011667,0.0023797926623312753
SPG,0.05120052002433255,0.029095658823561833,-0.012678940527176935,-0.08284049967598127,-0.06907406986164472,0.04527262774617467,-0.07251250384789529,0.051684728049589165,-0.033827940386681445,-0.08580764667136508
AMD,0.03767699866902476,-0.0940835335100412,-0.04987499058003487,-0.05583314019019979,0.06045499626610309,-0.013516504638138862,0.06480922291381985,0.009403714880630376,-0.09243475378631896,-0.009288045784911826
KLAC,0.03656304390405953,-0.1010786515401575,-0.05910618875834915,-0.04391831371705997,0.030750102437377965,0.00881607945075859,0.010572462007953047,0.045015934170522826,-0.07221453896514095,0.012762946998298401
NDAQ,0.04981777841629435,0.03356194392756509,-0.011919430175934977,0.011645499577747721,0.04240400328172162,-0.025406386254194033,0.10382792259519784,-0.00626659145577915,-0.1079493759256564,-0.16482193958483865
RTX,0.04994744528327277,0.048882979933228814,-0.009592299385995045,0.04893426569648506,0.01230580499562933,-0.08719708302645798,0.048879068547137604,-0.005594137205635048,-0.008713552536192345,0.045224019834183865
NXPI,0.04893303931086765,-0.0930107261414513,-0.05150918991971866,-0.03872799748943001,0.00832564931102004,0.05155933640070594,0.02156686041514435,0.03828299268027736,-0.07554860940126476,0.009633336585828255
PNC,0.06753525310261749,0.00869806336130319,0.02988321966181402,0.0202621759243748,-0.10928001596383922,-0.042322906220939635,0.05550592195561804,0.03907531777367619,0.037671076396955216,0.005414320128335379
KMX,0.06404164708884044,-0.014711910907420142,0.03214304737995163,0.017088858636898678,-0.07243806666286498,0.032309557505555926,-0.03471936405086063,-0.017011925428360938,0.03923848182069793,-0.017991061635912152
MTCH,0.04479256740116086,-0.025647468777064537,-0.00026238339324442155,-0.033309690308580345,-0.0009989587969210566,0.02897848706797145,-0.010927617988255577,0.022745100037917087,0.027004734379552284,-0.009618281615486137
BIIB,0.038759936827676165,0.013242570843876955,-0.012022086528621393,0.037062764200414454,0.021941736616652295,0.04621211653979226,-0.04105491985652766,0.041361247101312455,0.03284582159562876,-0.052199842405416544
NVDA,0.02639248006196436,-0.10837081993362838,-0.06358853802198369,-0.0830803836447345,0.0040771148611164956,-0.0357951079058981,0.03308053582709772,0.05752768597227871,-0.08638722594010315,0.12664074112813278
CHRW,0.04342911275223874,0.003665413610420265,0.014668989634554234,0.0003280559834590507,0.013900201769219227,0.044490908244009135,-0.03216466764407364,-0.02960332074632048,-0.011114238580622162,-0.02634082145829145
EXC,0.027836167942597783,0.09995451461063509,-0.03578945740322245,-0.07012607327212532,0.045983828729959444,0.034017421623397055,0.07897529249397753,-0.06501608265890789,-0.002487538436298414,0.03258528997522719
HES,0.05473006061499101,0.0029094379739940356,0.15344242731271288,-0.03534006898203266,0.08531220002535778,-0.026977102056043138,-0.010094095331584355,0.04692521828327236,-0.004860420109254383,0.01611224594372937
HD,0.061059439420319,-0.001690321995554718,0.02190534315277908,0.050609028860197885,-0.01817282724786535,0.031040042999962325,-0.06423741293430335,-0.016958049931287786,0.036813621600335085,0.006969719402481244
ALB,0.02857014740911798,-0.05123378402566611,0.04708008032412618,-0.03319434485440482,0.07208532468842678,0.04917691241342458,-0.02172560655378447,-0.09916685380289691,-0.049157143785099534,0.06147528705227416
VLO,0.04814195348475538,-0.0043178746918929424,0.12040386465914442,-0.048141923679480336,0.06750456362073083,-0.03714399086699504,-0.04003671414134553,0.048895188138404384,0.0002617790541928397,0.020253806090514016
AON,0.03526724809888168,0.05693928771441833,-0.033516613412545276,0.07072083231551532,3.765741189650114e-05,-0.03925623969947471,-0.01045187779932654,0.011151174759857423,0.02491198539130695,-0.013436716784122114
ZTS,0.04829684762389134,0.003053372394119968,-0.028600663906001366,0.04659760438170156,0.022718704891135474,0.02223833110159186,-0.019614489301179858,0.028356051163669408,0.011657366423282913,0.01429872639151774
FDX,0.060172460983931024,-0.00888381994402063,0.018652279442224105,0.03654433226408885,0.024820118203055134,0.0014452503669906236,-0.021324085068396927,-0.004637132252239222,-0.005497543250919279,-0.00988622116215959
DG,0.005352480993433124,0.012948111666541128,0.019356559007313978,0.040965367037806545,-0.10595026451910797,0.06689382001677635,-0.0930617075498576,0.07865083858124565,-0.1309843389274945,0.19974341063894535
HIG,0.05659428224564236,0.05567309260693933,0.019351790651635507,0.060582002462837015,-0.03127773036646299,-0.1184998153543405,0.03879514114167078,0.009627483453806056,-0.042438868121233424,0.012618269654195305
CMS,0.027347574992503922,0.11392946029189502,-0.04194317878036852,-0.061793977621390765,0.0046006171535866,0.01973798586385275,0.043334149467194855,-0.08168857500734117,-0.0067055055473262595,0.04465915000982894
CAG,0.020148239933186436,0.09176112131580617,0.004506032830727497,0.011390975034146046,-0.008524088986481163,0.03080893842679635,0.03441556695129792,0.04779110243209999,-0.07443418494502171,0.051153289931883436
INCY,0.03360072100608618,0.021597271327807036,-0.01976109802407172,0.046337798713097685,0.04138498718576946,0.020496202987036787,-0.048623174314247376,0.016444610474450866,0.02633031525894469,-0.011943075853916536
SCHW,0.05012542085718127,0.0019392904666654847,0.02080798553233406,-0.01247844821093337,-0.05430362341211634,-0.05464464662059268,0.052318414289812015,0.047832770895163884,-0.007469984197397701,0.027233724398231633
HSIC,0.03832691725653231,0.013658088489735203,0.021441301328226525,0.016979858559114644,0.011320973337126828,0.05939293547490576,-0.06739969794532662,0.01849982470809666,0.03263883084539358,-0.021081144854205723
AXP,0.06598340927808981,-0.0061544120202933535,0.014455024272877117,0.016483505425100284,-0.023894943464222447,-0.0813668039939975,0.09438253803725517,0.03930161667802903,0.036512844806474945,-0.021102154429907892
HPE,0.02612981017607406,-0.05607992720037422,-0.030707244573150164,0.07822449778019211,-0.008638635507861809,0.03697850144621885,-0.0066904984302058,0.03635926253862163,-0.11481549500521865,-0.053021201238561244
DFS,0.05923242138391495,0.0009529928970494349,0.03522631553560357,0.036921754505558964,-0.04809125524238348,-0.004914460470367258,0.06181254026343,0.021125500064397756,-0.007873023090948119,-0.06553234804160539
HRL,0.016113297418720043,0.0020000059675232703,-0.003998550725064976,0.003233803347407037,-0.04224087685098272,0.023004332869150143,-0.12883145736502896,0.11004374582462237,0.1418686553973154,0.23393644386384546
SO,0.015326046141077833,0.11410787162561864,-0.05269066193143072,-0.08530563328644973,0.01697306222271694,0.017509710048970527,0.07434102456172155,-0.04828135349479632,0.003818296737038559,0.08747874526933609
FRT,0.03853704402460464,0.03650460071394144,-0.01512003737070741,-0.07918865749964123,-0.07396200244573206,0.007037084902264586,-0.07214532892211656,0.04487880857901489,-0.024238291581708028,-0.06230746612692964
ZBH,0.03690004149499743,-0.001372239835455691,-0.028450750550452757,0.08285026758353736,0.050679555860396734,-0.02515672015350358,-0.10069780071527071,0.04498556187412458,-0.060333885171516416,-0.07428384433741488
CME,0.02422952274882057,0.049038063519451044,0.0018565834404468068,-0.022277836342529,0.04208774778458107,0.003526161771185522,0.013317885298705093,0.06027694643711455,-0.02908481137078587,0.01032103278173454
XOM,0.04575530780413425,0.02730714428319126,0.15138138701728304,-0.07967015762343051,0.10430381613100378,-0.05320948083073631,-0.0037498884518550185,0.05085801675302894,0.0013613599311312183,0.022574461939529233
CVX,0.05447885607470836,0.009737261289016197,0.1551713738613428,-0.047878673841088994,0.08582113871602493,-0.022181131751044834,0.0028197240783358027,0.06143236414642479,-0.005335934206295581,0.032883511980636576
CMCSA,0.042595641496887895,0.021717626514587515,0.0024165271699975177,0.0009945031667710105,-0.0021605013903636854,0.11267908908451812,0.05965987609516847,0.002594680797984153,0.04755113324681127,0.007201526922382637
PCG,0.025325599763811452,0.06907899555987383,-0.029507727156340213,-0.08254606009730234,0.030661749799552742,0.03670706001746539,0.047171708601940754,-0.059940517809487455,0.0578072797350943,-0.00712268653087256
PNW,0.02296902199610206,0.08018865830747492,-0.03110755927045454,-0.06015505203854355,0.013464749561533899,0.0127439233999924,-0.000886582883281936,-0.08409307303252211,-0.0199160035558601,0.03622505477302855
ICE,0.05072185086403143,0.04078026083580374,-0.04695473861625472,0.027953329452005536,0.01323033949044092,-0.048433734021259126,0.0202964315648865,0.049770646466832054,0.022577997457445608,-0.01231573083436786
BEN,0.04743157130274293,-3.397700111902627e-05,0.0033593040032604002,-0.00969241766620284,-0.07698528079730993,-0.034427810133345234,0.03886661526670244,0.06181060624654067,0.055972118963920486,-0.02248326962711924
UHS,0.03929019922120447,0.0034118431039839507,-0.022895302152539453,0.00574919189207771,0.027984107477348336,-0.04616111741058875,-0.05319307046658126,-0.03282878094769847,-0.027600449265664514,0.031382102732319145
BKR,0.05929177644891308,-0.00020299411629105612,0.1239171211780714,-0.04514697690745107,0.08326325390303296,-0.023667101144574588,0.017501157552801398,0.004594181042995776,-0.024953028898167248,-0.02994274952930533
EMN,0.0625129264334784,-0.018147727161758075,0.03115452495474801,0.0022453507388015266,-0.017432703336664402,0.020110451101819797,-0.04050556727785199,-0.05255793801374509,-0.04952581376767194,-0.010869615708743572
SBAC,0.027025804740041705,0.05757739009501139,-0.02696475828986336,-0.0875765413653138,-0.05822287594116324,-0.024984885168019198,-0.07214058477646738,0.039710064278340694,-0.011949293700982574,-0.059908538059327526
ROK,0.05201888524841478,-0.013061192749941115,-0.008581262575376981,0.022029325524819326,-0.00921771209730305,-0.011738515737769973,-0.052057999256941045,-0.06153601513427457,-0.00980968347867262,-0.01790362948091792
PTC,0.043171899032935473,-0.047288374934450504,-0.033053681594070274,-0.004907971688905534,0.052000261385604575,-0.01944154634185269,-0.03183012716452706,0.016422953155704117,0.042229518567357814,0.01037539657750246
NRG,0.046257680405512605,-0.02808244451497534,-0.044201594983212425,-0.05946963761944943,0.051530939809035364,-0.05922668654577094,0.023000548968580687,-0.0634000531911722,-0.011809644807938962,0.03872604432131076
NSC,0.05481760856600501,0.004853282302432435,0.001965798480881048,0.022240210241769847,0.030417727358767743,-0.005132599235054263,-0.02798877402086333,-0.03145956909873678,-0.02630722163852593,-0.0518089475034545
NKE,0.05189923914486759,-0.020769535203387146,-0.006097801110247445,0.07235180097743853,-0.009336544589506326,0.09898784398646798,0.043803557165106206,-0.012816849110147764,0.052310263415358216,0.037674593444323216
FIS,0.06025162528153221,0.03286299883050836,-0.014231128667237785,0.019954299752051017,-0.05011003813635567,0.005157148162833065,0.036117089973214576,0.009035121729522512,0.026291251694171708,0.003045074348051123
FANG,0.04476324976445857,-0.0008177129005818784,0.13601629905722717,-0.07988324677792273,0.11202892574964693,-0.04256631510104629,-0.02131494877689916,0.0320175926013434,0.020927232390988475,-0.013331379110017364
VTR,0.03688660088258706,0.04835637416233982,-0.05047483487981476,-0.10216926397249705,-0.07265734753086525,-0.00740814462140179,-0.03917058862463246,0.03711335524255441,-0.038990636292150896,-0.0217090516623249
MAS,0.06497116206711648,-0.012683663414675925,-0.01324756619546905,-0.007299972803851894,-0.058093104243300504,-0.026118231078084905,-0.09996289207015888,-0.1020973728793285,0.030733737639913272,-0.01129230568406521
RF,0.06893596332278537,-0.00130001692222947,0.04782165086515012,0.004271553265847602,-0.119681752565336,-0.03965850165076809,0.06461069885184732,0.06561421569628129,0.0189977908336114,0.0056299253996694755
ETSY,0.04465284316556165,-0.025240392920432737,0.011651094440808375,-0.00846778792913302,-0.058020362837415164,0.08246363349741281,-0.00067470223357067,-0.02308429124340026,0.034301800602050875,-0.05264798811111322
AMCR,0.03475091580965886,0.011624572173480677,0.012693890367082829,-0.029629810327056735,0.019498892231561676,-0.0068167235385649325,-0.0052843074980761405,0.027302664187583304,-0.03259838574152901,0.031511407912692684
TAP,0.03837307862223869,0.03920241954484261,0.029502501385396177,0.01060612719407275,0.006289101950349072,0.0388899019002012,-0.005927016969912604,0.02631209873894622,-0.05343037278663392,0.019109923075874165
MAR,0.06143922994080122,-0.02024257382500956,0.00552364495140716,0.015838676474715846,0.04133853690477199,0.007540336310083954,0.006345310355057193,-0.04714385030098577,0.0839009162020084,-0.029724043457054032
XYL,0.06144471054582249,-0.026383628238903875,-0.02263624451665998,0.035487390853540565,0.003595013817128737,-0.03731122685439017,-0.01075673524801416,-0.07717895714643801,0.005183342137675283,0.035295176223518306
CMI,0.05904639361089598,-0.01743356668660695,0.01789647991523104,0.03448253439888425,-0.012449645564937254,-0.018402130898096718,-0.025441150652908192,-0.06794062424414997,0.017123102462340903,-0.019751218772970893
BF-B,0.03816655795723873,0.028758639856721613,0.013714393582190152,0.017061695148908856,0.013622810610302722,0.09049616596162159,-0.01242439321115925,0.012435164607620447,-0.05806680347334611,0.023714514450349566
CPAY,0.03741837878181488,0.0008806874677537495,-0.01359477713795863,0.019551524098114222,0.02355997735798234,-0.01617471953014004,-0.010960635935676677,-0.020366745656566033,0.025143290001214173,-0.035294617998277836
KR,0.022627320627239544,0.05729622987914048,0.01402554527424611,0.04427277294872848,0.011226986760115756,0.06337561336198397,0.04415193637528685,0.010582193237854719,-0.04561552145150684,-0.012451772827105611
PLD,0.05410345110543967,0.025541131474066787,-0.05555221660989496,-0.08526596704020552,-0.06454877870128255,0.024773965897448354,-0.035170165716914156,0.06288226571109848,-0.00404570447774061,-0.07273874849930313
IBM,0.056915850413679886,0.003550000051735565,-0.02459137264580195,-0.003603100725660081,0.010366914652337869,-0.019998353097854586,0.024100689189707702,0.015861528786248236,0.054336867873031505,0.056081806064114975
USB,0.06755898786712006,0.008097209394989082,0.03691121913865011,0.017637035912536878,-0.1115232964108463,-0.02700265542455405,0.09512935360325281,0.03837927090837716,0.06206242767755291,0.007074067952162766
BSX,0.048751893446662725,0.012829552929471374,-0.046687867355214685,0.04703235815723496,0.08624234373511633,-0.008606304837117615,0.013228715427902528,0.057143610530207806,0.014506945268703306,-0.004347680587356606
LKQ,0.05796537779825888,0.006595447704683098,0.0364040494029961,0.029599887433780926,-0.03295743611051112,0.0431885674912878,-0.012053528627529201,0.011303503226700914,0.05399082807797476,-0.0307459797857533
LIN,0.05247873761455459,0.021219765483341167,-0.034563330177714825,0.05156279428173365,0.06781562075661103,-0.060074982315561805,-0.009375762202793167,-0.011640214683195864,-0.03503176419558686,-0.015481889078746031
ITW,0.06314110362137315,-0.002748750637707045,0.0014154031052563507,0.028413680943636166,0.015106253311040246,-0.024976697188125025,-0.061998456267255,-0.0799599696818158,0.0007175853065249765,-0.005748077018790154
EOG,0.04955430617605346,0.012804932963445965,0.15366705638701544,-0.0591198971973409,0.099738882550461,-0.05397336990449298,-0.0013431120718548858,0.0493903089731579,0.0017052574170812736,0.016466320000289525
KMB,0.02889040730054137,0.09082489804066585,-0.044264166520003,0.06232688081820779,0.027152969906903846,0.05999170670756842,0.03260146028920837,0.018989109742351667,-0.02191307623112928,0.011040304403288672
SPGI,0.055162312233781326,0.01563339751147988,-0.0571572251304936,0.027488013259694483,-0.002573310713963051,-0.04605007166325269,0.011788976348184876,0.02686673018137625,0.04606226769946077,-0.015886765102312725
NEM,0.03801876557973538,-0.0019342608509688739,0.04268795165269417,-0.09197369162300482,0.0058789927319777115,0.0048368399377288285,0.04243227404177714,-0.017254599163756504,0.10772836939827328,-0.0004927922133342728
LULU,0.04594629898333759,-0.0371549651248686,-0.0073711145118336985,0.05867323503468504,-0.0009669736442820991,0.10847853100193976,0.03323846006641255,-0.04232269066152687,0.04440736043753119,0.0107078411483522
WFC,0.05055884918621197,0.0020826985996365457,0.020220104267804604,0.022688457740952767,-0.08742681417719228,-0.040152325258406535,0.10388926703704107,0.05251931456429162,-0.01089387972564953,0.015596529453666335
CTVA,0.05687230756876377,0.014582456604583051,0.05519139658773146,-0.018605573733929837,-0.022722639643577673,0.0019795567215624196,-0.025567937452111344,-0.01011958609230102,-0.042340783794154,0.02584583034886725
EL,0.0469534476145574,-0.0015719113502244565,0.021373549646934137,0.034303646034207845,0.021688214183558666,0.10297096483279737,-0.001844789228540271,0.06885500572926607,-0.005580461073557405,-0.008967700661690935
GS,0.06904124446874844,-0.003073631941971006,0.023008610950259092,0.011256223042393232,-0.043284480259912744,-0.03728911525501276,0.06982752419813182,0.013663272431624995,0.021226822911350196,-0.02492930657394406
GD,0.044646304211536744,0.042033403114715276,-0.020271986353528112,0.008756460809289617,-0.004826412606049294,-0.09975733535321979,0.014580621406638586,-0.061352308058942845,0.023426307234906196,0.038873610402144924
CNP,0.023220238023478612,0.08488666229013464,-0.020834454795345562,-0.09916402010486987,0.061686878222673505,0.006069652493631315,0.028291756433064204,-0.020761196429268502,-0.02083351534615962,0.04207739669494048
PM,0.025172807992391008,0.09006063438876752,-0.026220970197661623,0.04605439064879837,0.030465646877469915,0.030299875969318487,0.050194660796502096,0.02115683513654625,-0.009422784902471395,0.023786604941570463
MCO,0.054508848394703664,0.006542600624293121,-0.04692617303544761,0.024929736576870164,-0.00617733861676049,-0.04626909615631419,-0.0012149172280734957,0.015097682566830384,-0.030979904510399617,-0.006157232349964745
CLX,0.026030233787264757,0.06883361000177056,-0.034730635203927926,0.050027022433493815,0.0132434948137206,0.05261262872525575,-0.027742352097071397,-0.013432642007968338,0.009360128698344206,0.02125177227915312
CAH,0.020521932919214666,0.02241005850189988,-0.032486703532851297,0.04309491524330256,0.011732636620781832,-0.09860756382927019,-0.054660376537440596,0.043635866472667525,-0.08040928505817406,0.02872829236263684
PANW,0.028216833923056482,-0.05964960042198219,-0.07819799114929514,-0.03172995192597631,0.04810462879188858,-0.04879361919517591,-0.028688280750550875,0.0750013141183319,0.09836297274055773,0.04880543013586915
DGX,0.027792006464747304,0.0417051891548541,-0.015581205111299437,0.044127236877867584,0.03446381407285671,0.009040750090703722,-0.06339932206213314,-0.018996197598949268,0.04200302513847388,0.0025080088240982505
AVB,0.0362258179248395,0.02915791034675618,-0.05419669527278528,-0.08178175981308614,-0.07982202164398894,0.0027056621902780613,-0.053946381861567375,0.056297932081198925,-0.035255811619445285,-0.037179381596864305
DIS,0.05701952713696792,-0.010261168841946248,0.035585429971033616,3.613619345213177e-05,0.0316759588528489,0.04134154942938246,0.0401324798707939,0.03282532992018602,0.014471454865972533,-0.04708664404258071
SW,0.043257465240072124,-0.012164516842102253,0.020416571996785704,-0.05526854317924081,0.0002640599340650025,-0.011389318809400984,0.01343052739266488,0.07610792499808856,-0.011696133951820406,0.04030835905922651
CBRE,0.055880662667396566,0.004669508745359059,-0.04340364561223521,-0.02036361619466333,-0.04216385852346797,-0.005258964030473024,-0.0604634234272434,0.008720190390362662,0.0013442439729016852,-0.05807989180107043
GE,0.05662342896591668,-0.029448030504473054,-0.025303529683181825,-0.0009963479250199698,0.013322676891594167,-0.10164279105213116,-0.0004466585526005157,-0.04487692294526728,0.012485028718890047,0.04535680206573165
LDOS,0.04549981975191428,0.021964444941312992,-0.02570482843770214,0.00750769125971677,0.022491838352483244,-0.06572819965996997,-0.030176937726482257,-0.03042991313690849,-0.0156583737100819,0.01379835717472323
ALL,0.036123528842911486,0.03347635728038792,0.0006416895868066633,0.07745684902319404,-0.04644753377395006,-0.1042938692442625,0.011532301366946933,-0.0028572480052501945,-0.07211231160658477,0.04109231526968959
ETN,0.059989205459702565,-0.06894249305310744,-0.04100324940508354,-0.0043964694533953335,0.017131462681731123,-0.05069564774754005,-0.02326280768515218,-0.07063658196566841,-0.01044395794981384,0.029100917657941927
ALGN,0.04818041902078355,-0.03087359643681372,0.002873845304078298,0.0678945787210982,-0.01451506085520716,0.07879223676209361,-0.018384440178512092,0.00352697558044016,0.008530269749248622,-0.02211714783835029
NFLX,0.036726432720567775,-0.060358989795483646,-0.07662926260892473,0.005734572108256582,0.04331307716777713,-0.016002016914178907,0.05769182383699594,0.01988464122547541,-0.008616562374894565,-0.004665053555597807
LEN,0.062147284441979055,-0.01664539130256713,-0.005436542861703255,-0.022587217650134796,-0.07437925185590434,-0.011922081574783777,-0.10198909830118262,-0.08775202183834885,0.035180841392564374,0.01237296212574107
FITB,0.06931161510868591,0.0029321210267412167,0.032803445400230544,0.008779158115581245,-0.13418371805955823,-0.03388891039550149,0.060776882720927135,0.04445173315365762,0.029747491559469458,0.01829009143112029
TRGP,0.051699080628891864,0.00812282170539386,0.085650940499844,-0.05262554110190417,0.060200043650642805,-0.04269201828346424,-0.005215531127751104,-0.02055086711962687,0.0006332374980380985,0.03845031983229969
NTRS,0.06796339423920172,0.008977388919886475,0.01750614913942443,0.02602023380021935,-0.06018053405901055,-0.040958653474007956,0.04282973617181765,0.024483679357710807,0.00551646198248122,0.001492741223944678
CVS,0.03845958744542642,0.04814063212777336,0.011130180460744614,0.047437059356809315,-0.035756976813170104,0.02666371678228134,0.0003215199485501643,0.09264489230399947,0.046254147440106114,-0.012583507164433917
AOS,0.06591708280795953,-0.018923052164764375,0.004015864621729248,0.025257522870391205,-0.015247276776309713,-0.029062819197610376,-0.0711864449695922,-0.10800449941751517,-0.012581375310973815,-0.0181856517676213
FE,0.021150145163813278,0.11253550375048602,-0.05293381234187133,-0.09383690332172391,0.03358440307269554,0.005323446818962031,0.04609231504825679,-0.06418083830944071,0.023628888064625906,0.046615141346409456
JPM,0.06120092093403478,0.022044905693491153,0.025199103797654034,0.035196377703698226,-0.04680269880633739,-0.07036738046365926,0.10177189429181478,0.08530829239851265,0.009958111437433588,0.026475305953195333
ABT,0.03577769155906246,0.06189150147370259,-0.045984303353357805,0.0794823136991026,0.06853139562143738,0.02799954866370823,-0.015631813717533905,0.05292240047642971,0.04585765862326492,-0.001258081163661659
OMC,0.058001485604288444,-0.0025959309019522427,-0.00445928006969651,-0.001144184333629526,-0.016716924873885406,0.021320299168039333,0.010503283885218965,0.0071451561883389275,-0.0038780110016221362,0.024106431279830032
COF,0.06136582980574047,0.0015993856455193344,0.04838399450163561,0.05693101524260128,-0.06398927239128785,-0.013001132250148343,0.0850466014105799,0.025766678771701704,0.003772781485205711,-0.039917386771856835
TSCO,0.04668629000244231,-0.0065009276080169485,0.016157705814476134,0.0409834969875253,-0.011735869025338625,0.021918215991251995,-0.04075438214964218,-0.05933619856748185,-0.006978544472986486,-0.02193097427061643
PH,0.06013833475565349,-0.03076800418547345,-0.005689442483860223,-0.0023111876048694216,0.009076706408437139,-0.04520657815578775,-0.040659378601705744,-0.050409103601295385,-0.01599421415649664,-0.008905346633024466
HST,0.055890590381732164,-0.01132567414152339,0.028283900296355514,-0.00149401313467315,-0.039494934936939056,0.048220155377103176,-0.03366746329611658,0.010123752512945219,-0.003429298824370749,-0.010415333420324349
JBHT,0.05428710785976348,-0.02246450035116902,0.01104778223012417,0.0439859124707851,-0.010746179008965833,0.03532941428282527,-0.04403477256723616,-0.04384807020918695,-0.019295995463745285,-0.042684121903500946
MRNA,0.019023300539150086,-0.034372511238995436,-0.033220175934998604,0.013199618433620004,0.04027542365291234,0.011747045351467714,-0.07826637607823768,0.042958104358366424,-0.14656458776362533,0.031822080761099464
TSLA,0.031441003740697804,-0.06662933998437252,-0.07766171609806549,-0.025776896743104113,0.02956932552927338,0.037397250648680165,0.07855343431042279,-0.02436989350669583,0.010806455933504839,-0.02987886224684562
ATO,0.03174340814506011,0.0690934424096947,-0.048466714066904865,-0.06652172823817701,0.0125931970723589,-0.018641180343175003,-0.006683879038390486,-0.05276831310375182,-0.006830196139672168,0.03125192496931831
COP,0.050658500789245955,0.013989146050291067,0.16636216884533014,-0.06209451433559534,0.12380138922980677,-0.031012599895404135,-0.007869696534341677,0.048412039716557546,-0.010503763168460911,-0.010226229523346352
DHR,0.053619699992271654,0.017379448910140198,-0.035244835134047324,0.021738958334075704,0.009767787455924094,0.00688861387123716,-0.0868339992566467,0.072436869419673,0.06279219051315289,0.03892972970114387
CNC,0.018649286056732252,-0.006957723350162342,0.004155856693117198,0.029275177754020776,-0.022017484179610938,-0.010797906087611515,-0.14094500034913615,0.027009041790265906,0.12948166000325936,0.2619592719152818
MCK,0.01513480959771789,0.01495877951509817,-0.05583324338601024,0.10626789559164045,0.07516740731717704,-0.09138927033111831,-0.07316780563671806,0.015256970583028745,-0.04859942691011459,-0.029656089147882536
TXT,0.06551469381737396,-0.012107261426026068,0.011271110703925136,0.03518238055843271,0.005417269073015633,-0.043745735047385395,-0.052579770394567266,-0.04034664976999848,-0.01770284483139694,-0.002468410794007452
MTB,0.05740981041568943,0.007006730652726531,0.025816953083838898,-0.006141190615042721,-0.1052805801782832,-0.04961303191215765,0.04154039319454155,0.03688676328235304,0.01688504249143313,0.021482814694553515
VTRS,0.03967174514468969,0.026863638534024493,0.018456756501799485,0.0007612649289492196,-0.011997528932532748,0.05884088410723537,-0.004635401468468297,0.039485446340467086,0.028884794756727696,-0.009040934446957421
AKAM,0.04848014458454286,-0.015759799388371715,-0.041367853382462044,-0.005080607176845771,0.04546767247860176,-0.011877084174270738,-0.0028600335467379705,0.04744299889303423,0.023731351874333905,-0.04310850938399684
ROL,0.04538820031217785,0.01898944575357839,-0.04755980150709539,0.01963248202227068,0.010776230485015694,-0.013844503427555131,-0.0130161902700541,-0.042840878206462284,-0.024900735534997102,-0.04557727575812661
RMD,0.03309706092874597,-0.0011243909513623585,-0.04680136112465676,0.031565806126081265,0.006527169171059568,-0.011599068607602729,-0.034361091335499146,0.08977161470186462,0.0164953412092295,0.07700427385432289
WRB,0.04212925560282042,0.049967140522971173,0.011133375284532362,0.08652778624881652,-0.014817558913808626,-0.0800482121941449,0.02160822385664411,-0.017548366133221555,-0.03789803394290303,-0.005034934269700296
GOOGL,0.03408612126120333,-0.05353527097780672,-0.061780382458001826,-0.07184092458684367,0.054177510038299494,-0.021116690757356317,0.14427359864047384,-0.017683072970852125,0.08713563909496393,0.019789468302276847
BRO,0.03688134436260349,0.0608799873964552,-0.049487360050902394,0.076144451435807,0.006006893024069558,-0.09488758469148277,-0.011121124586753814,0.004088266377959005,-0.03613549671023519,0.005044440638231641
ANET,0.04052898883104564,-0.09969820143340008,-0.06969349667196856,-0.023879673847339078,0.007456581995890986,-0.035523320592522833,0.02835089702420561,0.016322161435126836,-0.044323301967374024,0.038513285144614946
PAYX,0.05776490352358052,0.027637574878600274,-0.025356483720882048,0.024213339887133763,0.06280841729732535,-0.0031997947201880487,-0.022099184818232465,0.021221717332235858,0.05567271154925525,-0.03146430285953172
DRI,0.047463804141313605,-0.016687706091172316,0.006590701664948562,0.004115745088742683,0.03035217308436892,0.049515126094618,-0.012586815856704478,0.014450369903472869,0.06544109552542747,-0.04297282654417736
META,0.035724285788123984,-0.07482636382797728,-0.08417227296571095,-0.050564674800901974,0.04979527308915891,-0.012757443187600635,0.05836683231184935,0.04063689905743579,0.07616038080961314,0.08000578277083258
AAL,0.052147537994603824,-0.02419924258768043,0.03602892704664202,0.0024625950352646885,-0.04956699657655871,0.07423525253862048,0.05261112914826928,-0.027492217713211614,0.07818486404590828,0.02892355778739428
COR,0.01687250125436085,0.02541242433844011,-0.047792254282813924,0.09436500133617552,0.062179972556083936,-0.08293983015874543,-0.08074251144867584,0.04389709631979506,-0.06025609891716203,-0.009538194529435004
MAA,0.0362215963534075,0.037608904264374715,-0.037009315719953806,-0.07498297958922204,-0.08485091955586442,-0.014823591351743352,-0.05941842654984738,0.037176160721072334,6.69049460169372e-05,-0.0004022059775993203
MMC,0.040575825637803875,0.08219543532336789,-0.04824730039605454,0.07517480157991872,0.020782677779315733,-0.08208882755991374,0.00893882660285104,0.002502040610785639,-0.027941286948781507,-0.0025027493177884053
FOXA,0.04444589960791371,0.018530146847991286,0.006468717845504009,0.016271083267520702,-0.06139384109603185,0.08778565435495074,0.0057600943834633855,-0.022255109071114505,0.024758873605381142,0.016606458110322783
CZR,0.05719190534974178,-0.026954544810962953,0.04180996888309994,-0.016476667695406042,-0.006752849243371172,0.06475957438576663,0.01649732323871234,0.00600133496966198,0.00992031248935683,-0.05450691306880535
CRWD,0.03927019006796172,-0.08269099614551065,-0.07817155516378255,-0.030997619201777453,0.05231369422247884,-0.017401340354857395,0.001295618304046138,0.04577641611836838,0.0707728932876136,-0.026144682757796644
VMC,0.05652968129379736,-0.023583723274911914,-0.012961562640481804,-0.021916785617219877,-0.005551322816393069,-0.029025409603857046,-0.05830424358017961,-0.07997037973532024,0.018723997466051294,0.0016535025512445995
SRE,0.030380630373548923,0.1054376012332413,-0.041466758245121416,-0.07455381662000583,0.02313247445232693,0.014130460945329038,0.051829014838714306,-0.06680924243934233,-0.0020199939842892667,0.06033351514833123
LHX,0.0390040442121078,0.03286292651443642,-0.014519182379462578,0.006571167844023311,0.023722656474341932,-0.056907071940965434,-0.03335002055069121,-0.051610546205549855,0.010533245149661238,-0.022645054462703405
IVZ,0.06887914976963419,-0.01026020051535679,0.017447642324874845,-0.036480915440813284,-0.06949823177860906,-0.014864903131179155,0.04529357824145458,0.03343702404740837,0.0032536515957360622,-0.012850960559437656
RCL,0.0522759393296897,-0.04277586374824436,0.002281822321669588,-0.002574656834858179,-0.01611498583537725,-0.0007343314065934725,0.0033329129387337578,-0.026200320753766337,0.06338399323229933,0.030587938173298468
SNPS,0.044583695058527315,-0.0781266425081675,-0.06305300981902587,-0.03005039080402793,0.04356559911761319,0.024725202451655767,0.01330419178937988,0.02091332558146088,-0.003763647710978029,0.0012083193654622
GOOG,0.03493181842444496,-0.05448003960022105,-0.06163478892182748,-0.07302830844045098,0.05292329342828468,-0.01781742617708644,0.14622605738451694,-0.016896135563500506,0.08877646281197821,0.017828436175805963
YUM,0.042932517578143266,0.041667683601764094,-0.025488963449899482,0.018256888567088035,0.03438971725045823,0.04123370687359795,-0.002876539225296008,-0.0025704382462051483,0.026786661150206743,-0.044858743694365474
EQT,0.038073938591708385,-0.0045785101764827816,0.10856269063163279,-0.11008092076139736,0.03831202833467125,-0.051865490912053266,-0.007364281502070768,0.019482589765265318,-0.021156197760127303,0.009622465621329072
LYV,0.05016384128884155,-0.01720747958434072,-0.02359852132231992,-0.005802330763818314,0.03451116828353985,-0.013910936560701291,0.0068461068444937954,-0.005478633507998892,0.041166333169957416,-0.04845934812957635
PFE,0.0348873969486565,0.040548597024604144,0.012935907326535705,-0.0008044247922426396,0.019432905875499784,0.049667514995011056,-0.023476013354346414,0.05767350314606595,0.029730002577647262,0.026494988860250212
AVGO,0.029788236236023447,-0.09447202893307496,-0.0722039988769767,-0.046238113628846784,0.008874571033038061,0.005163534680196084,0.03881019635255104,0.06443499635944168,-0.07506825744522312,0.024103074919203018
DUK,0.02060429823998168,0.11916004239039805,-0.041169055884667946,-0.08820086075254041,0.05340521123611934,0.018867022453013794,0.052705658523144225,-0.038195065615303725,-0.007151970368081076,0.03906616686686389
CL,0.01827403342816434,0.0932453002820613,-0.04772294242063553,0.06512862334618114,0.06398510179680342,0.06567480775787081,0.04104138557245113,0.05206282174719033,-0.0212149651349857,0.00960305295306325
VZ,0.019711792232949357,0.06712549297063079,-0.02178738218486893,0.01916599134061091,0.0054412958898121064,-0.011332824939637155,0.025880119969210087,0.011418061939808996,0.016687882992558616,0.03369249054093744
JCI,0.06842923546874799,-0.026245448749531275,-0.0308665484334385,-0.002566004562403201,-0.0034028290923158577,-0.05203907157763431,-0.014088173232982662,-0.06611227724150001,-0.001956521772688558,0.03216818333419856
DAY,0.0483661854606825,-0.021533789103399256,-0.003592279843554097,0.014219543154871287,-0.014677876743510114,0.025370110475549653,-0.023410796939127364,-0.015614157423330095,0.038026776350428323,-0.026902771547081508
FSLR,0.03469460707814627,-0.05417120698643294,-0.01045405033962211,-0.047269225721680144,0.007302571841361443,0.004415831300908818,-0.012838880736432363,-0.09770636006867993,-0.03129016864246763,0.04890978467010638
AMGN,0.048441133787628626,0.02542000956739633,-0.016280023979873263,0.009129183951992699,0.04647205302447671,0.02368429129486169,-0.04274126772637298,0.06909364224876412,0.08997970959430546,0.005423877889237946
TEL,0.0673142838470032,-0.04557889348551545,-0.027405606131051728,-0.01973750876372056,-0.015053636198084268,0.018153340333865793,-0.006584671636450651,-0.0006821391847788693,-0.027416473257477033,0.03798336314869086
JBL,0.05357046115425028,-0.059811058263150606,-0.016153680883244252,-0.04518474998130187,-0.014110891339422775,0.015050868829831728,0.005691748767933216,0.03997115140821522,-0.03650985469578838,0.008328824212335986
VST,0.043888076412498256,-0.054952394766838615,-0.03124382404792055,-0.07999674171009788,0.03982360173307998,-0.031253003770039506,0.009947702069327012,-0.058874237866679266,-0.01689774301663701,0.01604046952872567
ADP,0.05623795842314336,0.03201864140994922,-0.041345386403117405,0.04336288847148768,0.07976925953558847,-0.007460007728585134,-0.002629628616438311,0.03486148218744287,0.02616011275392643,-0.05824469660227506
ON,0.0540621747385417,-0.09242597014276283,-0.030726055740245187,-0.037277107489985306,0.023717232773270425,0.06029119291016013,0.037201216549739846,0.015323771408728027,-0.06749859874743247,-0.0038329163183271225
STT,0.06756071413297791,0.016083517757555246,0.036754343976138276,0.016941616102071178,-0.06530826723259478,-0.03914074990971801,0.07442823527705135,0.012481118243275255,-0.004201376365699879,-0.01622014729215572
RSG,0.034936431297289496,0.03838074096717617,-0.06147039800688951,0.02845722125345077,0.05910256732110953,-0.04528562611826563,-0.029346927471420328,0.020999133316314526,-0.01981098540312078,-0.01664290400577382
IFF,0.047906116464839506,0.015899432479444812,0.0020734965020265464,0.011960575934371873,-0.02937394777444104,-0.0016036260608339348,-0.027149462729245257,-0.05719247103299591,-0.04601299197948271,0.015507718446251
CARR,0.0680930438394837,-0.03645978365333373,-0.016276970914314435,0.005065490254821194,-0.025876443795912085,-0.03256417372501587,-0.02892565706239171,-0.08739362291506268,0.006978935891022582,0.04359027772582664
TRMB,0.062107832458309226,-0.035276258888648986,-0.006148286680250694,-0.02086836104966585,0.007368219589514803,0.02202495240696534,-0.02084021977067412,-0.0012635402555121918,0.01900499870114524,-0.013210006545059107
QCOM,0.04411857964608617,-0.10315518711518892,-0.064989655537864,-0.0360125496788263,0.054491126043842195,0.04406157576523947,0.042951622325260744,0.0198224729898891,-0.10377448423529671,-0.020195277448308492
LYB,0.06551537503176644,0.0005423027093772406,0.06976790788863906,0.005506455025240831,0.004049711985867185,0.013256068483396109,-0.010294131921306862,-0.0236225776381019,-0.06058363690355434,0.00497837222055883
GIS,0.018701651826730527,0.09754820615510792,0.007031617850299592,0.020676092163243318,0.02027945300258261,0.03896718026739961,0.018034207062674616,0.0640045949139833,-0.08262013265748823,0.06019930286019499
PHM,0.06265978408809189,-0.02293265149214415,-0.014899013845059863,-0.015494979662237823,-0.08063346975329697,-0.006776978194629157,-0.10095549290242539,-0.08369837285103214,0.054829806644282233,0.028704729126900044
ROST,0.043170348472734245,-0.01093730090930929,0.013556601187422546,0.040730605934143474,0.03586606180695073,0.11266068117121457,0.0034949373702109444,-0.05319622740138031,-0.01754834123543472,0.043419712706117095
LUV,0.050547753195698875,-0.019706443457674135,0.02459246535310346,0.013468722718808696,-0.052958379697548984,0.05270288635112939,0.039606816399816544,-0.04326170523129234,0.08796766716143471,0.010510009333519003
LW,0.046823897800623605,0.011895090622772603,0.014402961826435039,0.014744683949318249,0.006143506671624596,0.0829135588334624,-0.012948889612161122,0.014098770135695406,-0.010118599665011207,0.030373066189297852
MS,0.06906474338246188,0.003157239004708623,0.025164534021819427,-0.002920457825965813,-0.06957102456678413,-0.06308883509750829,0.07782555252654806,0.037881733457021005,-0.02305612718345363,-0.012782208456029977
CPB,0.01064711097201289,0.07779561136485809,-0.0064226695889145575,0.03145047854600536,-0.038794191397877015,0.03862041720831911,-0.027555420527928632,0.07496486010683596,-0.1023012802981464,0.14151969657309835
OKE,0.06043735040991439,0.02779472220406693,0.07538891525290559,-0.03289810598896451,0.04249580984932977,-0.0444374121425129,-0.004754580287403129,0.0012518768398799805,-0.0024314634413222435,0.044706973147725454
BK,0.06476246636591501,0.02327350111065052,0.011055062359988382,0.025455721408580892,-0.052599572684191985,-0.07987120830757852,0.10255710564388645,0.012964711072486071,0.013562302789154108,0.02512740284223577
J,0.04492352269686014,-0.008085354369922193,0.0012869499407947022,-0.010604191839069549,-0.019550611644449503,-0.008569188015348058,-0.04115115827608205,-0.05446769103515069,0.013367227943852053,-0.007077969773231963
SYF,0.06510013491404236,-0.00989881797385354,0.0503170970989606,0.0394773357740289,-0.06698072268540899,-0.011867907371184776,0.08464151122276109,0.018669122931448522,-0.0003464719420538587,-0.050979795002881974
CHD,0.01923002184025747,0.07340191146716396,-0.03197960863386237,0.06369011614074045,0.040056789578091404,0.06489740688708304,-0.02861617839335209,-0.004540094085449002,-0.032445659433698856,0.028695942136507103
HWM,0.059008913320573064,-0.02635154540370847,-0.029012894703246406,0.046278538044699315,0.018050194664962448,-0.08587515579936954,-0.01754207673079004,-0.05503907475422317,-0.010321564184316552,0.027534391640683966
MHK,0.05497068257460743,-0.017974289140607693,0.0074404715286081734,-0.007549297780877345,-0.0431412609757784,0.03202948509062695,-0.06877578842738341,-0.04231108363763024,-0.005163884236031223,-0.023358277295512073
TFC,0.06953998503615522,0.0004029292697129938,0.026466499051813388,0.014717516868020742,-0.11739747939579964,-0.03939970649609657,0.08873125468583438,0.05003729529471747,0.017036191214078105,0.008479167006397122
DAL,0.05806729767140651,-0.02271075605568679,0.03640330700999963,0.008837786744758285,-0.05881447285159645,0.04904010252638533,0.06266412367356004,-0.04814073869146069,0.09166719007194353,0.015248991576207502
APA,0.05000049387450933,-1.879835424070784e-05,0.16540338523672066,-0.06524527918371514,0.0844324029590157,-0.023069433282789053,-0.025301236830048524,0.039831217193924434,-0.005958174457315845,0.015074176324562923
K,0.00642648116159134,-0.0017436432896049683,0.010959461793393658,0.005752305320919991,-0.03160041775050499,-0.06484032356516176,-0.012610090551736335,0.06799484291799343,-0.11703156479933495,0.02208744237597674
AFL,0.05486216208677664,0.059321087180320475,0.008932851493796932,0.05904225333411255,-0.032643480245582335,-0.11117908976603136,0.07668582251134995,-0.015166662345164403,-0.04038297661838407,-0.017393330322547775
CSX,0.06088683902755626,0.014221476531092332,0.008300983873122097,0.04436996563324984,0.027514090346676227,0.016170526531369588,0.004867420364990992,-0.012854899857925534,-0.019529328426597572,-0.054545899913322385
NI,0.02749376453810286,0.10857247221469431,-0.03919254849554444,-0.08618374200099355,9.645970560209809e-05,0.0005834523275193784,0.03034979767434233,-0.07721526493275507,-0.012363402037381909,0.056477122414162834
CPT,0.03932978272695778,0.03794506123627558,-0.04736856986620206,-0.07812675014739023,-0.09264297669467506,-0.0055208329082382535,-0.0439986460663365,0.06729059256139816,0.011280311909760546,-0.034474225053765885
PFG,0.06784930895204483,0.017739709767539212,0.023886724444503522,0.05070295990365951,-0.030166032932000746,-0.050331974085539785,0.04453597218154617,0.005091068195982235,-0.038914230198310425,-0.03296007655561246
NCLH,0.049422235086530264,-0.04559203879212521,0.02885493161228038,-0.010954731143725168,-0.05632603750399167,0.03388097593318014,-0.0019712366250500763,-0.00888739112265848,0.08082796002830078,0.05746313345706652
RJF,0.05487499005792185,0.0008814324466028654,0.005879734638158674,0.019215196540872427,-0.004400151964644673,-0.06232520589478259,0.0399871637264358,-0.0036661590054428103,0.027449034230342145,0.0030379180786781353
HBAN,0.06872081178766931,0.006530405655665343,0.05176956777918744,0.025806963169695756,-0.11181981417161231,-0.03748437764631586,0.06505627014915087,0.05281354593414922,0.024469970301649477,0.013000191001594408
UNH,0.027681545782859866,0.052773370509529766,-0.04210793409027898,0.05781194661919555,-0.01826924027106583,-0.006457160432841287,-0.022913786809473296,0.11198216134584164,0.01878814957931341,-0.00547655630509067
PRU,0.07121043992433342,0.017346528928546098,0.03729005156876036,0.028679315162029484,-0.05805727240983528,-0.07326753889943205,0.08381340750164282,-0.00040320142429445363,-0.010526144020094344,-0.0069792493076650825
GPC,0.054803499334632064,0.011803723434551723,0.01898122364385379,0.03436568538525654,-0.011174933996927058,0.021004856034534072,-0.028081649058545776,-0.0482948671320552,-0.021461343012341177,-0.040487783848152846
WMB,0.04821394843299282,0.02411662519777344,0.07295482741906327,-0.06064350816523461,0.09309393968779575,-0.018207275016178096,-0.050247181883367346,0.04762605798302002,0.057454641770134256,0.10166928409946997
EQR,0.043006017389652644,0.0471881048152737,-0.06672298169080955,-0.09607601968780141,-0.09365180253170668,-0.00798114369773161,-0.05847263313234471,0.06765037378006071,-0.004080105792612187,-0.020405992792154284
DVA,0.038091390285666174,0.0029276108065052725,0.0015276884836909397,0.006399068797854583,0.010386592292694,-0.008233684688567488,-0.023632123843078022,-0.02485377643937238,0.03915794037890076,0.026784229405093445
AIG,0.0635800664280278,0.024454944283287268,0.025599930883801945,0.06585858270654471,-0.047045136474737334,-0.07336994426570637,0.08232884105640034,0.022281156658719013,-0.029893364532988714,0.020700547613654186
MA,0.05700344173420932,0.018818001809799232,-0.038366604700164106,0.07693756415480592,0.0458865141744249,-0.03881053295346579,0.06585090088287769,0.026852988858767576,0.03496290485496892,-0.02738200809110021
HON,0.06384233874461229,0.014423715532222194,0.003624645195487636,0.04008348550927927,0.05900652488191528,0.0007153711431080357,0.005163832133315914,-0.03002770730552485,-0.016783828816852413,-0.0299579432528215
VICI,0.04832801584705536,0.05947970732085464,-0.03246386918630025,-0.07633260618457653,-0.057196990376258465,0.015298119387392171,-0.03348018133940237,0.06607915020534022,0.008644051458552708,-0.061000767863988926
O,0.03234896924529946,0.0764192456189767,-0.0448831253530445,-0.12559811519912487,-0.06522056680639647,0.011971911801430195,-0.03674045840475068,0.04380671577983668,-0.03043035215977539,-0.047640244754308086
NWSA,0.054975784341381166,-0.023395124665928132,-0.026106255972345886,-0.03798252984244598,0.011243121173087544,0.03756497475417522,0.00424656032386745,-0.008841496360169837,-0.014061372172983757,-0.030198730990625165
TTWO,0.035633711723331095,-0.017525338121503364,-0.011159324268802485,-0.026836349416597245,0.040959581269138984,0.06058723704886982,0.001593588067700467,0.015408480016231173,0.051612230790385454,-0.06120463226936484
AES,0.03753810149595405,0.004915191072808055,-0.007307786596487196,-0.08275763244392136,0.016200549635068673,0.029822614678032648,0.015088358984094545,-0.08194771322121425,0.011877791825917052,0.07438607209802409
SLB,0.05966094359502562,-0.007875759063666951,0.1430832087046934,-0.038961341000624,0.06516365687169627,-0.013680988006592308,-0.018842769761442894,0.048164695624618184,0.01713578960680174,0.013088085087848486
DOC,0.0507844803565928,0.03434191009544966,-0.04415243558355131,-0.10115062919230187,-0.08878676013165612,0.013911038123810364,-0.03658308011457541,0.04567336964027033,-0.004530346283679696,-0.05502036145846395
TT,0.05714689463584744,-0.03308491508918675,-0.024660954426826063,0.015951103903891106,0.023791628757457065,-0.08312210489820075,-0.04750895669159906,-0.10949931429517418,-0.012927319832849317,-0.013045082928178504
TGT,0.03784155229682523,-0.0005961365867954971,0.04483876558157534,0.07296920563370748,-0.008544341566593816,0.12995815584331655,-0.024257000229917603,-0.05128769804724207,-0.09083214147498421,0.07604885365599139
AAPL,0.02673276390541609,-0.0743744620579264,-0.07292304575042657,-0.03296911177075741,0.042888257842578964,0.06284680470913852,0.09750249631960532,0.0016823424069557808,0.041539020492632105,0.04065822886156566
MKC,0.031800832706215115,0.0731350691390271,-0.011562551396956205,0.008767892379915161,0.015295741032824406,0.045466678984309894,-0.01374104064306579,0.031777054723872614,-0.07381811912071434,0.008259888738788542
OTIS,0.06427744234565425,-0.006541844152042478,-0.005875653200832319,0.01989418166191691,0.019573177256465693,-0.013736684828766854,-0.04210470689879352,-0.07297386880380714,0.0038648024353045746,0.023242008958197693
CEG,0.036148391366016344,-0.05712172452287412,-0.04653146380112748,-0.06326643599530794,0.044957369324651546,-0.022960185116321648,-0.012459692210754008,-0.04393457461467961,-0.04026317662689851,0.05345899233328376
WY,0.05597725994816111,0.02467203350044195,-0.0062040472941975915,-0.06436867872843419,-0.07061461574154458,0.034938928809643485,-0.0588492724447211,0.03684913271278939,0.025756963939863164,-0.06465833260071031
APD,0.04179317892191419,0.013282033450954134,0.0007201514929639525,-0.004707242576714065,0.0462161969922707,-0.003766032212388247,-0.05273302041430747,-0.08080837076792362,-0.04654505170612445,0.00906634399564149
GRMN,0.027928604366399164,-0.001259971043444398,-0.030400165704715678,0.020265659541454623,0.10253732908942889,-0.03214320297578579,-0.03246023060388744,0.03401569285901299,-0.0037268776320015487,0.018014231095468694
AEE,0.0291568841845265,0.11331098078556477,-0.04173632082148976,-0.068769756182806,0.006737920960322172,0.003900818999566961,0.02450119351706588,-0.051823593965001725,-0.006144965397762339,-0.010672419936539538
BX,0.06596679984581981,-0.02357507887669262,-0.006779962976702499,-0.03468306450858267,-0.041229062477975024,-0.06143175043122933,0.003274800988370904,-0.0012260441663969912,0.02241674948764073,-0.00233518262428146
HLT,0.06125693284575967,-0.018965140807070947,0.003023093775280997,0.023483544555502042,0.011312071457486807,-0.01611962306576896,0.012405081462596109,-0.053139946821220814,0.10226236336726056,-0.013728632461393145
DLTR,0.02109309123076376,-0.027471352053571114,0.025928359144703907,0.05560524284217013,-0.08910510328586102,0.10240623779719009,-0.12038380508335164,0.07187962511634266,0.03666729319390529,0.2570112495038362
HAS,0.04967489753881949,0.0009193374571598109,0.01357477374873227,-0.0032325655406747885,-0.02220763149009755,0.020855167668561193,-0.03345145639331674,-0.015893589005806816,-0.01005156270382893,-0.03621661325820709
TMUS,0.024225924854113345,0.04038027847627647,-0.034602628769818615,0.0248619186638763,0.074417702009092,-0.018606147639983417,0.015244806307749827,0.0363685770342695,0.03340251841763457,0.01152437009894792
WMT,0.03487451020991417,0.004705822170965798,0.009229940893874439,0.14163213953741013,-0.013692418249892837,0.11209427228156293,0.054201192896138894,0.00586191144059585,-0.02729572242356259,0.08351925422813246
NTAP,0.02634789127851417,-0.041837755403661976,-0.04654850748069317,0.02105490896672721,-0.061815431673879255,0.00684909503186724,-0.017354710868374038,0.044402183221998154,-0.1199729078286868,0.1679485880270472
KIM,0.0532341108634095,0.04062241046979611,-0.03036493879989919,-0.06241134135625334,-0.0859905103877241,0.01510742743742318,-0.04756831029719741,0.03249944962602485,-0.03685566632479227,-0.08011456173674608
BAX,0.03415549332813643,0.02404027299657311,0.03640302382243035,0.010046139598093825,0.02290668378570676,0.03756755405476601,-0.06642970701795334,0.08673635146044646,0.030131183747653043,0.019174173302234317
LMT,0.026868705390189845,0.0742901811179852,-0.012650018668142839,0.036480038715239894,0.04538297282959926,-0.07798419710994488,-0.02725479793154525,-0.03582047796090353,-0.00666745212945781,-0.017202840692846173
KKR,0.06858919166229406,-0.040370887623073434,-0.020434171318502548,-0.028294185030555936,-0.023131538414655005,-0.06590179722028607,0.022799216694829122,0.002259404849993895,-0.003896024225219349,-0.0003931540379319046
KEY,0.03787406413669994,-0.009929380616172084,0.05447139124168966,-0.0002642996795154426,-0.10175690526919402,-0.07365042088934058,0.10146634677221708,0.039106546997156565,0.022297730412048022,0.07864350707900947
KEYS,0.04259247390131223,-0.03132896283185247,0.006602490121674831,0.04271713039756094,0.010991346900502352,0.10513579068921672,-0.017500846708258085,-0.0567281039305596,-0.06988668646988763,0.05339266365342054
BMY,0.030063175635309698,0.03800259355594381,-0.027651638067458628,0.07805241413378732,-0.03191257959492021,0.05069066508381153,0.023024647196735443,0.03075259632871219,0.0007845209034569407,0.04901215683026607
PSA,0.03654436197642776,0.046694231618003054,-0.04533506245482224,-0.0846726078959755,-0.050128564052355384,0.003309541723584349,-0.0914626460477761,0.05416908267034313,-0.002242084940949935,-0.08399292632894412
WYNN,0.05476272186502225,-0.022672078777900388,0.025865822897431077,0.007428605726262685,0.0019835982455253176,0.08540261005274158,0.014158333153027529,0.004874749561285437,0.04462205658411183,-0.0687941140660401
EFX,0.047352267737769266,-0.013796994486817836,-0.017180635506043557,-0.024997111614251142,-0.03279222346400179,-0.05144798918908326,-0.03221423435447681,-0.002686877809039914,-0.01904996797192152,-0.0042290904284151415
NUE,0.05966595158455801,-0.01405760085526675,0.04806697778027679,0.015566914457082666,0.0020810547483306836,0.04093099983961096,-0.008204187365416,-0.027750879071715636,0.0026234426394484687,0.006258492035415966
PKG,0.042183820419256626,0.004448217434597607,0.008834937024376807,0.021656680326079255,-0.01866213586683608,0.005005082157677432,-0.02148485528443718,-0.027115623182088634,-0.024351637638150948,0.04868696608755051
GDDY,0.04084760524889861,-0.054723811218520796,-0.052957589541066365,-0.0012431387853059214,0.03470603321032366,-0.0546796977255504,-0.024182340755029497,0.020487004394900823,-0.03557512745135529,0.004243701653435471
WAB,0.05769563811902801,-0.02528464593104127,-0.007522919338157671,0.015827044434787264,-0.00078236628656761,-0.04459469783458105,-0.05519416196189565,-0.0740644848742234,-0.02644640728747635,-0.003048227038217888
CTSH,0.06517231635923845,-0.00014126349556881163,-0.04875673652620883,0.015428693369743838,0.012834037694340836,0.010949002550282614,0.02687440042798844,0.008935439800269009,0.03466800075905636,-0.003474419010445613
GEV,0.03040126484647611,-0.052390301645003204,-0.027841599994213533,-0.031137230222587554,0.0063843253403339925,-0.02169716745048095,-0.007246280600309227,-0.054756166564395026,-0.025595364440723637,-0.0011241428146807834
SWK,0.06558862596839839,-0.020322277588839772,0.011470759269019162,-0.0024223546707886727,-0.024703538725811117,0.01842740570753975,-0.050526169965167296,-0.08318151825395503,-0.007876389948646293,-0.06395529663787987
CRL,0.050552042702297434,-0.019795632614871016,0.0012838663219903212,0.005222800094275851,0.014517470524859518,0.03598495264432072,-0.053174090091072976,-0.002190502069592289,0.004290896018038807,-0.04369229213126402
MU,0.027033698900079606,-0.09678284675092853,-0.0701614188277792,-0.039160193027217786,0.020294865215310504,-0.002243569805001239,0.04372619062692967,0.04306708261953998,-0.1581827502389191,0.01900573071436156
TRV,0.05661172564170426,0.04478840164438263,0.038437813205002544,0.04126644597362502,-0.014987397326266026,-0.06586180419138836,0.03981266161800448,-0.04438418337754979,-0.03189435742009751,0.0016831599563175792
BRK-B,0.054985212295400133,0.040351197223672974,-0.018073713336540002,0.07027767582707138,-0.002818725958162953,-0.08349384032260548,0.07103085086236366,0.01645314334364501,-0.009325766872033415,-0.0016991522362116442
L,0.053615086156193786,0.05369799791601501,0.026103433357071493,0.05401647635474405,-0.020986327724836135,-0.07806344288143191,0.018416509574254784,-0.006441594435799452,-0.04750008960157733,-0.029067883692825026
AEP,0.02932861445636417,0.10436975156662444,-0.06338113975553337,-0.07908208310913058,0.05816272044289586,0.03806238057773666,0.07356586739736108,-0.06946809247488152,0.007848241543977725,0.033515536294955905
CI,0.032457151946447854,0.03213004394344638,-0.02795947345593052,0.0859155028527179,0.0271963269827306,-0.006496512812647811,-0.0828536501851767,0.03133764699981239,-0.016483892822565956,-0.0395485036196481
DOW,0.0703000939508514,0.0016491693756005058,0.0850001645701043,0.00020324418126723608,0.012516025765897039,0.01179474612289847,0.004763066777940827,-0.017934891635460005,-0.07214109222470262,-0.004779384369159291
CDW,0.04944847805764535,-0.028739679132156876,-0.02831391217826717,0.014808544883437271,0.020576071977509547,0.03583591884832271,-0.025098937429946216,0.006074096521765438,-0.006327378209909302,-0.031092215530442908
BALL,0.05481553441184032,0.017350912173636025,0.017368151409853684,-0.0049978750949203525,-0.006889645065549655,-0.01927570841044996,0.015301441200345081,-0.011149319103166471,-0.11433154299718232,-0.07718631445011385
JNJ,0.03196908622871258,0.08573972812931543,-0.04518632126459329,0.03257299448316406,0.05220285926922102,0.017757908824428407,-0.020624760670351534,0.06552943191896343,0.029114377342012335,-0.0208242397450691
WM,0.04066319088332612,0.051548347086088755,-0.041039413831047096,0.03731107660345034,0.059182050334748076,-0.04083260895840689,-0.017694672559667057,-0.031040780397225097,-0.01498633878189623,0.04164186236284447
DOV,0.0668100966075937,-0.021606242351598484,0.005221534918583716,0.018645542408449855,0.000709340955581174,-0.026532947519292884,-0.04927421663389972,-0.06854251109225108,0.005924959738188306,-0.0051309528470606415
CRM,0.04493749818891845,-0.05132601970230854,-0.039768830064784225,-0.026283321126547486,0.06919552118278957,-0.03324822906170034,0.04758417295476323,0.037164634937099636,0.11244606079379976,-0.05381658270759772
PGR,0.029430634035194816,0.03566946332941685,-0.0109363277873075,0.08959114812123643,-0.03727429272775791,-0.11734391261015963,-0.0005684371322986075,-0.006091250673615815,-0.07464708965068555,0.020615768811402636
BWA,0.06786450585963993,-0.025937002814725132,0.05015962534248226,0.016741773693639647,-0.04463746055747825,0.0703430870432917,0.0037979988422012206,-0.011064871215304377,-0.012411397320942355,-0.04882471330914153
LRCX,0.039231988492500904,-0.10933349662864708,-0.049432419099231344,-0.04959793530173094,0.02885732324997859,0.025334981649069995,0.01444936724209368,0.0637627456644471,-0.06389133863267459,0.03056441055621462
PPL,0.028057070340559834,0.11246328639931256,-0.03392799622884975,-0.07420171086591906,-0.01174703683519561,0.00817610514749581,0.06001016393585496,-0.04998249024758512,-0.00014985713054938598,0.07411309674481995
